﻿{
  "DurationStats": {
    "AnalyticsGroup": "DurationStats",
    "AggregateGroupFunctionName": "DurationStats"
  },
  "StatusLoggerPoolStats": {
    "AnalyticsGroup": "StatusLoggerPoolStats",
    "AggregateGroupFunctionName": "StatusLoggerPoolStats"
  },
  "GCStats": {
    "AnalyticsGroup": "GCStats",
    "AggregateGroupFunctionName": "GCStats"
  },
  "StatusLoggerMemTblOPSStats": {
    "AnalyticsGroup": "StatusLoggerMemTblOPSStats",
    "AggregateGroupFunctionName": "StatusLoggerMemTblOPSStats"
  },
  "LargePartitionRowStats": {
    "AnalyticsGroup": "LargePartitionRowStats",
    "AggregateGroupFunctionName": "LargePartitionRowStats"
  },
  "TombstoneStats": {
    "AnalyticsGroup": "TombstoneStats",
    "AggregateGroupFunctionName": "TombstoneStats"
  },
  "GossipPendingStats": {
    "AnalyticsGroup": "GossipPendingStats",
    "AggregateGroupFunctionName": "GossipPendingStats"
  },
  "BatchStats": {
    "AnalyticsGroup": "BatchStats",
    "AggregateGroupFunctionName": "BatchStats"
  },
  "PreparesDiscardedStats": {
    "AnalyticsGroup": "PreparesDiscardedStats",
    "AggregateGroupFunctionName": "PreparesDiscardedStats"
  },
  "GCPauseStats": {
    "AnalyticsGroup": "GCPauseStats",
    "AggregateGroupFunctionName": "GCPauseStats"
  },
  "FlushStats": {
    "AnalyticsGroup": "FlushStats",
    "AggregateGroupFunctionName": "FlushStats"
  },
  "CompactionStats": {
    "AnalyticsGroup": "CompactionStats",
    "AggregateGroupFunctionName": "CompactionStats"
  },
  "HintHandOffStats": {
    "AnalyticsGroup": "HintHandOffStats",
    "AggregateGroupFunctionName": "HintHandOffStats"
  },
  "MaximumMemoryUsageReachedStats": {
    "AnalyticsGroup": "MaximumMemoryUsageReachedStats",
    "AggregateGroupFunctionName": "MaximumMemoryUsageReachedStats"
  },
  "FreeDeviceStorageStats": {
    "AnalyticsGroup": "FreeDeviceStorageStats",
    "AggregateGroupFunctionName": "FreeDeviceStorageStats"
  },
  "CompactionInsufficientSpaceStats": {
    "AnalyticsGroup": "CompactionInsufficientSpaceStats",
    "AggregateGroupFunctionName": "CompactionInsufficientSpaceStats"
  },
  "DropStats": {
    "AnalyticsGroup": "DropStats",
    "AggregateGroupFunctionName": "DropStats"
  },
  "SolrExpiredStats": {
    "AnalyticsGroup": "SolrExpiredStats",
    "AggregateGroupFunctionName": "SolrExpiredStats"
  },
  "NodeSyncStats": {
    "AnalyticsGroup": "NodeSyncStats",
    "AggregateGroupFunctionName": "NodeSyncStats"
  }
}