[
  {
    "Catagory": "ZipFile",
    "FilePatterns": [ ".\\*\\*.tar", ".\\*\\*.tar.gz", ".\\*\\*.zip", ".\\*.tar", ".\\*.tar.gz", ".\\*.zip", ".\\*\\*.gz" ],
    "FileParsingClass": "DSEDiagnosticFileParser.file_unzip",
    "NodeIdPos": 0,
    "ProcessingTaskOption": "IgnoreNode",
    "ProcessPriorityLevel": 1000
  },
  {
    "Catagory": "SystemOutputFile",
    "FilePatterns": [ ".\\nodes\\*\\conf\\system\\hosts" ],
    "FileParsingClass": "DSEDiagnosticFileParser.file_system_hosts",
    "NodeIdPos": -1,
    "ProcessingTaskOption": "ScanForNode,ParallelProcessingWithinPriorityLevel",
    "ProcessPriorityLevel": 975
  },
  {
    "Catagory": "CommandOutputFile",
    "FilePatterns": [ ".\\*\\describecluster" ],
    "FileParsingClass": "DSEDiagnosticFileParser.file_nodetool_describecluster",
    "NodeIdPos": -1,
    "ProcessingTaskOption": "ScanForNode,ParallelProcessingWithinPriorityLevel,ParallelProcessFiles",
    "ProcessPriorityLevel": 950
  },
  {
    "Catagory": "TransformFile",
    "FilePatterns": [ ".\\*\\*" ],
    "FileParsingClass": "DSEDiagnosticFileParser.file_create_folder_structure",
    "NodeIdPos": -1,
    "ProcessingTaskOption": "ScanForNode,ParallelProcessFiles",
    "ProcessPriorityLevel": 850
  }
]