{
  "CI ABJ": {
    "LOCode": "CI ABJ",
    "ISO3166Code": "CI",
    "Identity": 250
  },
  "GH ACC": {
    "LOCode": "GH ACC",
    "ISO3166Code": "GH",
    "Identity": 251
  },
  "ET ADD": {
    "LOCode": "ET ADD",
    "ISO3166Code": "ET",
    "Identity": 252
  },
  "DZ ALG": {
    "LOCode": "DZ ALG",
    "ISO3166Code": "DZ",
    "Identity": 253
  },
  "ER ASM": {
    "LOCode": "ER ASM",
    "ISO3166Code": "ER",
    "Identity": 254
  },
  "ML BKO": {
    "LOCode": "ML BKO",
    "ISO3166Code": "ML",
    "Identity": 255
  },
  "CF BGF": {
    "LOCode": "CF BGF",
    "ISO3166Code": "CF",
    "Identity": 256
  },
  "GM BJL": {
    "LOCode": "GM BJL",
    "ISO3166Code": "GM",
    "Identity": 257
  },
  "GW OXB": {
    "LOCode": "GW OXB",
    "ISO3166Code": "GW",
    "Identity": 258
  },
  "MW BLZ": {
    "LOCode": "MW BLZ",
    "ISO3166Code": "MW",
    "Identity": 259
  },
  "CG BZV": {
    "LOCode": "CG BZV",
    "ISO3166Code": "CG",
    "Identity": 260
  },
  "BI BJM": {
    "LOCode": "BI BJM",
    "ISO3166Code": "BI",
    "Identity": 261
  },
  "EG CAI": {
    "LOCode": "EG CAI",
    "ISO3166Code": "EG",
    "Identity": 262
  },
  "MA CAS": {
    "LOCode": "MA CAS",
    "ISO3166Code": "MA",
    "Identity": 263
  },
  "ES CEU": {
    "LOCode": "ES CEU",
    "ISO3166Code": "ES",
    "Identity": 264
  },
  "GN CKY": {
    "LOCode": "GN CKY",
    "ISO3166Code": "GN",
    "Identity": 265
  },
  "SN DKR": {
    "LOCode": "SN DKR",
    "ISO3166Code": "SN",
    "Identity": 266
  },
  "TZ DAR": {
    "LOCode": "TZ DAR",
    "ISO3166Code": "TZ",
    "Identity": 267
  },
  "DJ JIB": {
    "LOCode": "DJ JIB",
    "ISO3166Code": "DJ",
    "Identity": 268
  },
  "CM DLA": {
    "LOCode": "CM DLA",
    "ISO3166Code": "CM",
    "Identity": 269
  },
  "EH EAI": {
    "LOCode": "EH EAI",
    "ISO3166Code": "EH",
    "Identity": 270
  },
  "SL FNA": {
    "LOCode": "SL FNA",
    "ISO3166Code": "SL",
    "Identity": 271
  },
  "BW GBE": {
    "LOCode": "BW GBE",
    "ISO3166Code": "BW",
    "Identity": 272
  },
  "ZW HRE": {
    "LOCode": "ZW HRE",
    "ISO3166Code": "ZW",
    "Identity": 273
  },
  "ZA JNB": {
    "LOCode": "ZA JNB",
    "ISO3166Code": "ZA",
    "Identity": 274
  },
  "SS JUB": {
    "LOCode": "SS JUB",
    "ISO3166Code": "SS",
    "Identity": 275
  },
  "UG KLA": {
    "LOCode": "UG KLA",
    "ISO3166Code": "UG",
    "Identity": 276
  },
  "SD KRT": {
    "LOCode": "SD KRT",
    "ISO3166Code": "SD",
    "Identity": 277
  },
  "RW KGL": {
    "LOCode": "RW KGL",
    "ISO3166Code": "RW",
    "Identity": 278
  },
  "CD FIH": {
    "LOCode": "CD FIH",
    "ISO3166Code": "CD",
    "Identity": 279
  },
  "NG LOS": {
    "LOCode": "NG LOS",
    "ISO3166Code": "NG",
    "Identity": 280
  },
  "GA LBV": {
    "LOCode": "GA LBV",
    "ISO3166Code": "GA",
    "Identity": 281
  },
  "TG LFW": {
    "LOCode": "TG LFW",
    "ISO3166Code": "TG",
    "Identity": 282
  },
  "AO LAD": {
    "LOCode": "AO LAD",
    "ISO3166Code": "AO",
    "Identity": 283
  },
  "CD FBM": {
    "LOCode": "CD FBM",
    "ISO3166Code": "CD",
    "Identity": 284
  },
  "ZM LUN": {
    "LOCode": "ZM LUN",
    "ISO3166Code": "ZM",
    "Identity": 285
  },
  "GQ SSG": {
    "LOCode": "GQ SSG",
    "ISO3166Code": "GQ",
    "Identity": 286
  },
  "MZ MPM": {
    "LOCode": "MZ MPM",
    "ISO3166Code": "MZ",
    "Identity": 287
  },
  "LS MSU": {
    "LOCode": "LS MSU",
    "ISO3166Code": "LS",
    "Identity": 288
  },
  "SZ QMN": {
    "LOCode": "SZ QMN",
    "ISO3166Code": "SZ",
    "Identity": 289
  },
  "SO MGQ": {
    "LOCode": "SO MGQ",
    "ISO3166Code": "SO",
    "Identity": 290
  },
  "LR MLW": {
    "LOCode": "LR MLW",
    "ISO3166Code": "LR",
    "Identity": 291
  },
  "KE NBO": {
    "LOCode": "KE NBO",
    "ISO3166Code": "KE",
    "Identity": 292
  },
  "TD NDJ": {
    "LOCode": "TD NDJ",
    "ISO3166Code": "TD",
    "Identity": 293
  },
  "NE NIM": {
    "LOCode": "NE NIM",
    "ISO3166Code": "NE",
    "Identity": 294
  },
  "MR NKC": {
    "LOCode": "MR NKC",
    "ISO3166Code": "MR",
    "Identity": 295
  },
  "BF OUA": {
    "LOCode": "BF OUA",
    "ISO3166Code": "BF",
    "Identity": 296
  },
  "BJ PTN": {
    "LOCode": "BJ PTN",
    "ISO3166Code": "BJ",
    "Identity": 297
  },
  "ST TMS": {
    "LOCode": "ST TMS",
    "ISO3166Code": "ST",
    "Identity": 298
  },
  "ML TOM": {
    "LOCode": "ML TOM",
    "ISO3166Code": "ML",
    "Identity": 299
  },
  "LY TIP": {
    "LOCode": "LY TIP",
    "ISO3166Code": "LY",
    "Identity": 300
  },
  "TN TUN": {
    "LOCode": "TN TUN",
    "ISO3166Code": "TN",
    "Identity": 301
  },
  "NA WDH": {
    "LOCode": "NA WDH",
    "ISO3166Code": "NA",
    "Identity": 302
  },
  "US AXK": {
    "LOCode": "US AXK",
    "ISO3166Code": "US",
    "Identity": 303
  },
  "US ANC": {
    "LOCode": "US ANC",
    "ISO3166Code": "US",
    "Identity": 304
  },
  "AI AXA": {
    "LOCode": "AI AXA",
    "ISO3166Code": "AI",
    "Identity": 305
  },
  "AG ANU": {
    "LOCode": "AG ANU",
    "ISO3166Code": "AG",
    "Identity": 306
  },
  "BR AUX": {
    "LOCode": "BR AUX",
    "ISO3166Code": "BR",
    "Identity": 307
  },
  "AR BUE": {
    "LOCode": "AR BUE",
    "ISO3166Code": "AR",
    "Identity": 308
  },
  "AR CTC": {
    "LOCode": "AR CTC",
    "ISO3166Code": "AR",
    "Identity": 309
  },
  "AR CRD": {
    "LOCode": "AR CRD",
    "ISO3166Code": "AR",
    "Identity": 310
  },
  "AR COR": {
    "LOCode": "AR COR",
    "ISO3166Code": "AR",
    "Identity": 311
  },
  "AR JUJ": {
    "LOCode": "AR JUJ",
    "ISO3166Code": "AR",
    "Identity": 312
  },
  "AR IRJ": {
    "LOCode": "AR IRJ",
    "ISO3166Code": "AR",
    "Identity": 313
  },
  "AR MDZ": {
    "LOCode": "AR MDZ",
    "ISO3166Code": "AR",
    "Identity": 314
  },
  "AR RGL": {
    "LOCode": "AR RGL",
    "ISO3166Code": "AR",
    "Identity": 315
  },
  "AR SLA": {
    "LOCode": "AR SLA",
    "ISO3166Code": "AR",
    "Identity": 316
  },
  "AR UAQ": {
    "LOCode": "AR UAQ",
    "ISO3166Code": "AR",
    "Identity": 317
  },
  "AR LUQ": {
    "LOCode": "AR LUQ",
    "ISO3166Code": "AR",
    "Identity": 318
  },
  "AR TUC": {
    "LOCode": "AR TUC",
    "ISO3166Code": "AR",
    "Identity": 319
  },
  "AR USH": {
    "LOCode": "AR USH",
    "ISO3166Code": "AR",
    "Identity": 320
  },
  "AW AUA": {
    "LOCode": "AW AUA",
    "ISO3166Code": "AW",
    "Identity": 321
  },
  "PY ASU": {
    "LOCode": "PY ASU",
    "ISO3166Code": "PY",
    "Identity": 322
  },
  "CA YIB": {
    "LOCode": "CA YIB",
    "ISO3166Code": "CA",
    "Identity": 323
  },
  "US AKB": {
    "LOCode": "US AKB",
    "ISO3166Code": "US",
    "Identity": 324
  },
  "BR SSA": {
    "LOCode": "BR SSA",
    "ISO3166Code": "BR",
    "Identity": 325
  },
  "MX PVR": {
    "LOCode": "MX PVR",
    "ISO3166Code": "MX",
    "Identity": 326
  },
  "BB BGI": {
    "LOCode": "BB BGI",
    "ISO3166Code": "BB",
    "Identity": 327
  },
  "BR BEL": {
    "LOCode": "BR BEL",
    "ISO3166Code": "BR",
    "Identity": 328
  },
  "BZ BZE": {
    "LOCode": "BZ BZE",
    "ISO3166Code": "BZ",
    "Identity": 329
  },
  "CA YBX": {
    "LOCode": "CA YBX",
    "ISO3166Code": "CA",
    "Identity": 330
  },
  "BR BVB": {
    "LOCode": "BR BVB",
    "ISO3166Code": "BR",
    "Identity": 331
  },
  "CO BOG": {
    "LOCode": "CO BOG",
    "ISO3166Code": "CO",
    "Identity": 332
  },
  "US BOI": {
    "LOCode": "US BOI",
    "ISO3166Code": "US",
    "Identity": 333
  },
  "CA YCB": {
    "LOCode": "CA YCB",
    "ISO3166Code": "CA",
    "Identity": 334
  },
  "BR CGR": {
    "LOCode": "BR CGR",
    "ISO3166Code": "BR",
    "Identity": 335
  },
  "MX CUN": {
    "LOCode": "MX CUN",
    "ISO3166Code": "MX",
    "Identity": 336
  },
  "VE CCS": {
    "LOCode": "VE CCS",
    "ISO3166Code": "VE",
    "Identity": 337
  },
  "GF CAY": {
    "LOCode": "GF CAY",
    "ISO3166Code": "GF",
    "Identity": 338
  },
  "KY GEC": {
    "LOCode": "KY GEC",
    "ISO3166Code": "KY",
    "Identity": 339
  },
  "US CHI": {
    "LOCode": "US CHI",
    "ISO3166Code": "US",
    "Identity": 340
  },
  "MX CUU": {
    "LOCode": "MX CUU",
    "ISO3166Code": "MX",
    "Identity": 341
  },
  "CA YZS": {
    "LOCode": "CA YZS",
    "ISO3166Code": "CA",
    "Identity": 342
  },
  "CR SJO": {
    "LOCode": "CR SJO",
    "ISO3166Code": "CR",
    "Identity": 343
  },
  "CA CFQ": {
    "LOCode": "CA CFQ",
    "ISO3166Code": "CA",
    "Identity": 344
  },
  "BR CGB": {
    "LOCode": "BR CGB",
    "ISO3166Code": "BR",
    "Identity": 345
  },
  "CW CUR": {
    "LOCode": "CW CUR",
    "ISO3166Code": "CW",
    "Identity": 346
  },
  "CA YDQ": {
    "LOCode": "CA YDQ",
    "ISO3166Code": "CA",
    "Identity": 347
  },
  "US DEN": {
    "LOCode": "US DEN",
    "ISO3166Code": "US",
    "Identity": 348
  },
  "US DET": {
    "LOCode": "US DET",
    "ISO3166Code": "US",
    "Identity": 349
  },
  "DM DOM": {
    "LOCode": "DM DOM",
    "ISO3166Code": "DM",
    "Identity": 350
  },
  "CA EDM": {
    "LOCode": "CA EDM",
    "ISO3166Code": "CA",
    "Identity": 351
  },
  "BR ERN": {
    "LOCode": "BR ERN",
    "ISO3166Code": "BR",
    "Identity": 352
  },
  "SV ELS": {
    "LOCode": "SV ELS",
    "ISO3166Code": "SV",
    "Identity": 353
  },
  "MX ESE": {
    "LOCode": "MX ESE",
    "ISO3166Code": "MX",
    "Identity": 354
  },
  "US FWA": {
    "LOCode": "US FWA",
    "ISO3166Code": "US",
    "Identity": 355
  },
  "BR FOR": {
    "LOCode": "BR FOR",
    "ISO3166Code": "BR",
    "Identity": 356
  },
  "CA GLB": {
    "LOCode": "CA GLB",
    "ISO3166Code": "CA",
    "Identity": 357
  },
  "GL GOH": {
    "LOCode": "GL GOH",
    "ISO3166Code": "GL",
    "Identity": 358
  },
  "CA GOO": {
    "LOCode": "CA GOO",
    "ISO3166Code": "CA",
    "Identity": 359
  },
  "TC GDT": {
    "LOCode": "TC GDT",
    "ISO3166Code": "TC",
    "Identity": 360
  },
  "GD GND": {
    "LOCode": "GD GND",
    "ISO3166Code": "GD",
    "Identity": 361
  },
  "GP PTP": {
    "LOCode": "GP PTP",
    "ISO3166Code": "GP",
    "Identity": 362
  },
  "GT GUA": {
    "LOCode": "GT GUA",
    "ISO3166Code": "GT",
    "Identity": 363
  },
  "EC GYE": {
    "LOCode": "EC GYE",
    "ISO3166Code": "EC",
    "Identity": 364
  },
  "GY GEO": {
    "LOCode": "GY GEO",
    "ISO3166Code": "GY",
    "Identity": 365
  },
  "CA HAL": {
    "LOCode": "CA HAL",
    "ISO3166Code": "CA",
    "Identity": 366
  },
  "CU HAV": {
    "LOCode": "CU HAV",
    "ISO3166Code": "CU",
    "Identity": 367
  },
  "MX HMO": {
    "LOCode": "MX HMO",
    "ISO3166Code": "MX",
    "Identity": 368
  },
  "US IND": {
    "LOCode": "US IND",
    "ISO3166Code": "US",
    "Identity": 369
  },
  "US KNX": {
    "LOCode": "US KNX",
    "ISO3166Code": "US",
    "Identity": 370
  },
  "US AEG": {
    "LOCode": "US AEG",
    "ISO3166Code": "US",
    "Identity": 371
  },
  "US PB8": {
    "LOCode": "US PB8",
    "ISO3166Code": "US",
    "Identity": 372
  },
  "US TEL": {
    "LOCode": "US TEL",
    "ISO3166Code": "US",
    "Identity": 373
  },
  "US OEA": {
    "LOCode": "US OEA",
    "ISO3166Code": "US",
    "Identity": 374
  },
  "US WLZ": {
    "LOCode": "US WLZ",
    "ISO3166Code": "US",
    "Identity": 375
  },
  "CA YEV": {
    "LOCode": "CA YEV",
    "ISO3166Code": "CA",
    "Identity": 376
  },
  "CA IQL": {
    "LOCode": "CA IQL",
    "ISO3166Code": "CA",
    "Identity": 377
  },
  "JM KIN": {
    "LOCode": "JM KIN",
    "ISO3166Code": "JM",
    "Identity": 378
  },
  "US JNU": {
    "LOCode": "US JNU",
    "ISO3166Code": "US",
    "Identity": 379
  },
  "US LUI": {
    "LOCode": "US LUI",
    "ISO3166Code": "US",
    "Identity": 380
  },
  "US MOC": {
    "LOCode": "US MOC",
    "ISO3166Code": "US",
    "Identity": 381
  },
  "BQ KRA": {
    "LOCode": "BQ KRA",
    "ISO3166Code": "BQ",
    "Identity": 382
  },
  "BO LPB": {
    "LOCode": "BO LPB",
    "ISO3166Code": "BO",
    "Identity": 383
  },
  "PE LIM": {
    "LOCode": "PE LIM",
    "ISO3166Code": "PE",
    "Identity": 384
  },
  "US LAX": {
    "LOCode": "US LAX",
    "ISO3166Code": "US",
    "Identity": 385
  },
  "BR MCZ": {
    "LOCode": "BR MCZ",
    "ISO3166Code": "BR",
    "Identity": 386
  },
  "NI MGA": {
    "LOCode": "NI MGA",
    "ISO3166Code": "NI",
    "Identity": 387
  },
  "BR MAO": {
    "LOCode": "BR MAO",
    "ISO3166Code": "BR",
    "Identity": 388
  },
  "MF MAR": {
    "LOCode": "MF MAR",
    "ISO3166Code": "MF",
    "Identity": 389
  },
  "MQ FDF": {
    "LOCode": "MQ FDF",
    "ISO3166Code": "MQ",
    "Identity": 390
  },
  "MX MAM": {
    "LOCode": "MX MAM",
    "ISO3166Code": "MX",
    "Identity": 391
  },
  "MX MZT": {
    "LOCode": "MX MZT",
    "ISO3166Code": "MX",
    "Identity": 392
  },
  "US MNM": {
    "LOCode": "US MNM",
    "ISO3166Code": "US",
    "Identity": 393
  },
  "MX MID": {
    "LOCode": "MX MID",
    "ISO3166Code": "MX",
    "Identity": 394
  },
  "US MTM": {
    "LOCode": "US MTM",
    "ISO3166Code": "US",
    "Identity": 395
  },
  "MX MEX": {
    "LOCode": "MX MEX",
    "ISO3166Code": "MX",
    "Identity": 396
  },
  "PM MQC": {
    "LOCode": "PM MQC",
    "ISO3166Code": "PM",
    "Identity": 397
  },
  "CA MNT": {
    "LOCode": "CA MNT",
    "ISO3166Code": "CA",
    "Identity": 398
  },
  "MX MTY": {
    "LOCode": "MX MTY",
    "ISO3166Code": "MX",
    "Identity": 399
  },
  "UY MVD": {
    "LOCode": "UY MVD",
    "ISO3166Code": "UY",
    "Identity": 400
  },
  "CA MTR": {
    "LOCode": "CA MTR",
    "ISO3166Code": "CA",
    "Identity": 401
  },
  "MS MNI": {
    "LOCode": "MS MNI",
    "ISO3166Code": "MS",
    "Identity": 402
  },
  "BS NAS": {
    "LOCode": "BS NAS",
    "ISO3166Code": "BS",
    "Identity": 403
  },
  "US NYC": {
    "LOCode": "US NYC",
    "ISO3166Code": "US",
    "Identity": 404
  },
  "CA NPG": {
    "LOCode": "CA NPG",
    "ISO3166Code": "CA",
    "Identity": 405
  },
  "US OME": {
    "LOCode": "US OME",
    "ISO3166Code": "US",
    "Identity": 406
  },
  "BR FEN": {
    "LOCode": "BR FEN",
    "ISO3166Code": "BR",
    "Identity": 407
  },
  "US XUL": {
    "LOCode": "US XUL",
    "ISO3166Code": "US",
    "Identity": 408
  },
  "US ZT8": {
    "LOCode": "US ZT8",
    "ISO3166Code": "US",
    "Identity": 409
  },
  "US NQY": {
    "LOCode": "US NQY",
    "ISO3166Code": "US",
    "Identity": 410
  },
  "MX OJI": {
    "LOCode": "MX OJI",
    "ISO3166Code": "MX",
    "Identity": 411
  },
  "PA PTY": {
    "LOCode": "PA PTY",
    "ISO3166Code": "PA",
    "Identity": 412
  },
  "CA PNT": {
    "LOCode": "CA PNT",
    "ISO3166Code": "CA",
    "Identity": 413
  },
  "SR PBM": {
    "LOCode": "SR PBM",
    "ISO3166Code": "SR",
    "Identity": 414
  },
  "US PHX": {
    "LOCode": "US PHX",
    "ISO3166Code": "US",
    "Identity": 415
  },
  "HT PAP": {
    "LOCode": "HT PAP",
    "ISO3166Code": "HT",
    "Identity": 416
  },
  "TT POS": {
    "LOCode": "TT POS",
    "ISO3166Code": "TT",
    "Identity": 417
  },
  "BR RBR": {
    "LOCode": "BR RBR",
    "ISO3166Code": "BR",
    "Identity": 418
  },
  "BR PVH": {
    "LOCode": "BR PVH",
    "ISO3166Code": "BR",
    "Identity": 419
  },
  "PR SJU": {
    "LOCode": "PR SJU",
    "ISO3166Code": "PR",
    "Identity": 420
  },
  "CA FFS": {
    "LOCode": "CA FFS",
    "ISO3166Code": "CA",
    "Identity": 421
  },
  "CA RIT": {
    "LOCode": "CA RIT",
    "ISO3166Code": "CA",
    "Identity": 422
  },
  "BR REC": {
    "LOCode": "BR REC",
    "ISO3166Code": "BR",
    "Identity": 423
  },
  "CA REG": {
    "LOCode": "CA REG",
    "ISO3166Code": "CA",
    "Identity": 424
  },
  "CA REB": {
    "LOCode": "CA REB",
    "ISO3166Code": "CA",
    "Identity": 425
  },
  "AR ROS": {
    "LOCode": "AR ROS",
    "ISO3166Code": "AR",
    "Identity": 426
  },
  "BR STM": {
    "LOCode": "BR STM",
    "ISO3166Code": "BR",
    "Identity": 427
  },
  "CL SCL": {
    "LOCode": "CL SCL",
    "ISO3166Code": "CL",
    "Identity": 428
  },
  "DO SDQ": {
    "LOCode": "DO SDQ",
    "ISO3166Code": "DO",
    "Identity": 429
  },
  "BR SAO": {
    "LOCode": "BR SAO",
    "ISO3166Code": "BR",
    "Identity": 430
  },
  "GL OBY": {
    "LOCode": "GL OBY",
    "ISO3166Code": "GL",
    "Identity": 431
  },
  "US SIT": {
    "LOCode": "US SIT",
    "ISO3166Code": "US",
    "Identity": 432
  },
  "BL SBH": {
    "LOCode": "BL SBH",
    "ISO3166Code": "BL",
    "Identity": 433
  },
  "CA SJF": {
    "LOCode": "CA SJF",
    "ISO3166Code": "CA",
    "Identity": 434
  },
  "KN SKB": {
    "LOCode": "KN SKB",
    "ISO3166Code": "KN",
    "Identity": 435
  },
  "LC CAS": {
    "LOCode": "LC CAS",
    "ISO3166Code": "LC",
    "Identity": 436
  },
  "VI CHA": {
    "LOCode": "VI CHA",
    "ISO3166Code": "VI",
    "Identity": 437
  },
  "VC SVD": {
    "LOCode": "VC SVD",
    "ISO3166Code": "VC",
    "Identity": 438
  },
  "CA YYN": {
    "LOCode": "CA YYN",
    "ISO3166Code": "CA",
    "Identity": 439
  },
  "HN TGU": {
    "LOCode": "HN TGU",
    "ISO3166Code": "HN",
    "Identity": 440
  },
  "GL THU": {
    "LOCode": "GL THU",
    "ISO3166Code": "GL",
    "Identity": 441
  },
  "CA THU": {
    "LOCode": "CA THU",
    "ISO3166Code": "CA",
    "Identity": 442
  },
  "MX TIJ": {
    "LOCode": "MX TIJ",
    "ISO3166Code": "MX",
    "Identity": 443
  },
  "CA TOR": {
    "LOCode": "CA TOR",
    "ISO3166Code": "CA",
    "Identity": 444
  },
  "VG TOV": {
    "LOCode": "VG TOV",
    "ISO3166Code": "VG",
    "Identity": 445
  },
  "CA VAN": {
    "LOCode": "CA VAN",
    "ISO3166Code": "CA",
    "Identity": 446
  },
  "CA YXY": {
    "LOCode": "CA YXY",
    "ISO3166Code": "CA",
    "Identity": 447
  },
  "CA WNP": {
    "LOCode": "CA WNP",
    "ISO3166Code": "CA",
    "Identity": 448
  },
  "US YAK": {
    "LOCode": "US YAK",
    "ISO3166Code": "US",
    "Identity": 449
  },
  "CA YZF": {
    "LOCode": "CA YZF",
    "ISO3166Code": "CA",
    "Identity": 450
  },
  "AQ CAS": {
    "LOCode": "AQ CAS",
    "ISO3166Code": "AQ",
    "Identity": 451
  },
  "AQ DAV": {
    "LOCode": "AQ DAV",
    "ISO3166Code": "AQ",
    "Identity": 452
  },
  "AQ DDU": {
    "LOCode": "AQ DDU",
    "ISO3166Code": "AQ",
    "Identity": 453
  },
  "AU MQI": {
    "LOCode": "AU MQI",
    "ISO3166Code": "AU",
    "Identity": 454
  },
  "AQ MAW": {
    "LOCode": "AQ MAW",
    "ISO3166Code": "AQ",
    "Identity": 455
  },
  "AQ MCM": {
    "LOCode": "AQ MCM",
    "ISO3166Code": "AQ",
    "Identity": 456
  },
  "AQ PLM": {
    "LOCode": "AQ PLM",
    "ISO3166Code": "AQ",
    "Identity": 457
  },
  "AQ ROT": {
    "LOCode": "AQ ROT",
    "ISO3166Code": "AQ",
    "Identity": 458
  },
  "AQ AMS": {
    "LOCode": "AQ AMS",
    "ISO3166Code": "AQ",
    "Identity": 459
  },
  "AQ SYW": {
    "LOCode": "AQ SYW",
    "ISO3166Code": "AQ",
    "Identity": 460
  },
  "AQ VOS": {
    "LOCode": "AQ VOS",
    "ISO3166Code": "AQ",
    "Identity": 461
  },
  "SJ LYR": {
    "LOCode": "SJ LYR",
    "ISO3166Code": "SJ",
    "Identity": 462
  },
  "YE ADE": {
    "LOCode": "YE ADE",
    "ISO3166Code": "YE",
    "Identity": 463
  },
  "KZ ALA": {
    "LOCode": "KZ ALA",
    "ISO3166Code": "KZ",
    "Identity": 464
  },
  "JO AMM": {
    "LOCode": "JO AMM",
    "ISO3166Code": "JO",
    "Identity": 465
  },
  "RU DYR": {
    "LOCode": "RU DYR",
    "ISO3166Code": "RU",
    "Identity": 466
  },
  "KZ AAU": {
    "LOCode": "KZ AAU",
    "ISO3166Code": "KZ",
    "Identity": 467
  },
  "KZ AKX": {
    "LOCode": "KZ AKX",
    "ISO3166Code": "KZ",
    "Identity": 468
  },
  "TM ASB": {
    "LOCode": "TM ASB",
    "ISO3166Code": "TM",
    "Identity": 469
  },
  "IQ BGW": {
    "LOCode": "IQ BGW",
    "ISO3166Code": "IQ",
    "Identity": 470
  },
  "BH BAH": {
    "LOCode": "BH BAH",
    "ISO3166Code": "BH",
    "Identity": 471
  },
  "AZ BAK": {
    "LOCode": "AZ BAK",
    "ISO3166Code": "AZ",
    "Identity": 472
  },
  "TH BKK": {
    "LOCode": "TH BKK",
    "ISO3166Code": "TH",
    "Identity": 473
  },
  "LB BEY": {
    "LOCode": "LB BEY",
    "ISO3166Code": "LB",
    "Identity": 474
  },
  "KG FRU": {
    "LOCode": "KG FRU",
    "ISO3166Code": "KG",
    "Identity": 475
  },
  "BN BWN": {
    "LOCode": "BN BWN",
    "ISO3166Code": "BN",
    "Identity": 476
  },
  "IN CCU": {
    "LOCode": "IN CCU",
    "ISO3166Code": "IN",
    "Identity": 477
  },
  "MN COQ": {
    "LOCode": "MN COQ",
    "ISO3166Code": "MN",
    "Identity": 478
  },
  "CN CKG": {
    "LOCode": "CN CKG",
    "ISO3166Code": "CN",
    "Identity": 479
  },
  "LK CMB": {
    "LOCode": "LK CMB",
    "ISO3166Code": "LK",
    "Identity": 480
  },
  "BD DAC": {
    "LOCode": "BD DAC",
    "ISO3166Code": "BD",
    "Identity": 481
  },
  "SY DAM": {
    "LOCode": "SY DAM",
    "ISO3166Code": "SY",
    "Identity": 482
  },
  "TL DIL": {
    "LOCode": "TL DIL",
    "ISO3166Code": "TL",
    "Identity": 483
  },
  "AE DXB": {
    "LOCode": "AE DXB",
    "ISO3166Code": "AE",
    "Identity": 484
  },
  "TJ DYU": {
    "LOCode": "TJ DYU",
    "ISO3166Code": "TJ",
    "Identity": 485
  },
  "PS GZA": {
    "LOCode": "PS GZA",
    "ISO3166Code": "PS",
    "Identity": 486
  },
  "CN HRB": {
    "LOCode": "CN HRB",
    "ISO3166Code": "CN",
    "Identity": 487
  },
  "VN SGN": {
    "LOCode": "VN SGN",
    "ISO3166Code": "VN",
    "Identity": 488
  },
  "HK HKG": {
    "LOCode": "HK HKG",
    "ISO3166Code": "HK",
    "Identity": 489
  },
  "MN HVD": {
    "LOCode": "MN HVD",
    "ISO3166Code": "MN",
    "Identity": 490
  },
  "RU IKT": {
    "LOCode": "RU IKT",
    "ISO3166Code": "RU",
    "Identity": 491
  },
  "TR IST": {
    "LOCode": "TR IST",
    "ISO3166Code": "TR",
    "Identity": 492
  },
  "ID JKT": {
    "LOCode": "ID JKT",
    "ISO3166Code": "ID",
    "Identity": 493
  },
  "ID DJJ": {
    "LOCode": "ID DJJ",
    "ISO3166Code": "ID",
    "Identity": 494
  },
  "AF KBL": {
    "LOCode": "AF KBL",
    "ISO3166Code": "AF",
    "Identity": 495
  },
  "RU PKC": {
    "LOCode": "RU PKC",
    "ISO3166Code": "RU",
    "Identity": 496
  },
  "PK KHI": {
    "LOCode": "PK KHI",
    "ISO3166Code": "PK",
    "Identity": 497
  },
  "CN KHG": {
    "LOCode": "CN KHG",
    "ISO3166Code": "CN",
    "Identity": 498
  },
  "NP KTM": {
    "LOCode": "NP KTM",
    "ISO3166Code": "NP",
    "Identity": 499
  },
  "RU KRA": {
    "LOCode": "RU KRA",
    "ISO3166Code": "RU",
    "Identity": 500
  },
  "MY KUL": {
    "LOCode": "MY KUL",
    "ISO3166Code": "MY",
    "Identity": 501
  },
  "MY KCH": {
    "LOCode": "MY KCH",
    "ISO3166Code": "MY",
    "Identity": 502
  },
  "KW KWI": {
    "LOCode": "KW KWI",
    "ISO3166Code": "KW",
    "Identity": 503
  },
  "MO MFM": {
    "LOCode": "MO MFM",
    "ISO3166Code": "MO",
    "Identity": 504
  },
  "RU GDX": {
    "LOCode": "RU GDX",
    "ISO3166Code": "RU",
    "Identity": 505
  },
  "ID MAK": {
    "LOCode": "ID MAK",
    "ISO3166Code": "ID",
    "Identity": 506
  },
  "PH MNL": {
    "LOCode": "PH MNL",
    "ISO3166Code": "PH",
    "Identity": 507
  },
  "OM MCT": {
    "LOCode": "OM MCT",
    "ISO3166Code": "OM",
    "Identity": 508
  },
  "CY NIC": {
    "LOCode": "CY NIC",
    "ISO3166Code": "CY",
    "Identity": 509
  },
  "RU NOZ": {
    "LOCode": "RU NOZ",
    "ISO3166Code": "RU",
    "Identity": 510
  },
  "RU OVB": {
    "LOCode": "RU OVB",
    "ISO3166Code": "RU",
    "Identity": 511
  },
  "RU OMS": {
    "LOCode": "RU OMS",
    "ISO3166Code": "RU",
    "Identity": 512
  },
  "KZ AST": {
    "LOCode": "KZ AST",
    "ISO3166Code": "KZ",
    "Identity": 513
  },
  "KH PNH": {
    "LOCode": "KH PNH",
    "ISO3166Code": "KH",
    "Identity": 514
  },
  "ID PNK": {
    "LOCode": "ID PNK",
    "ISO3166Code": "ID",
    "Identity": 515
  },
  "KP FNJ": {
    "LOCode": "KP FNJ",
    "ISO3166Code": "KP",
    "Identity": 516
  },
  "QA DOH": {
    "LOCode": "QA DOH",
    "ISO3166Code": "QA",
    "Identity": 517
  },
  "KZ KZO": {
    "LOCode": "KZ KZO",
    "ISO3166Code": "KZ",
    "Identity": 518
  },
  "MM RGN": {
    "LOCode": "MM RGN",
    "ISO3166Code": "MM",
    "Identity": 519
  },
  "SA RUH": {
    "LOCode": "SA RUH",
    "ISO3166Code": "SA",
    "Identity": 520
  },
  "RU UUS": {
    "LOCode": "RU UUS",
    "ISO3166Code": "RU",
    "Identity": 521
  },
  "UZ SKD": {
    "LOCode": "UZ SKD",
    "ISO3166Code": "UZ",
    "Identity": 522
  },
  "KR SEL": {
    "LOCode": "KR SEL",
    "ISO3166Code": "KR",
    "Identity": 523
  },
  "CN SHA": {
    "LOCode": "CN SHA",
    "ISO3166Code": "CN",
    "Identity": 524
  },
  "SG SIN": {
    "LOCode": "SG SIN",
    "ISO3166Code": "SG",
    "Identity": 525
  },
  "TW TPE": {
    "LOCode": "TW TPE",
    "ISO3166Code": "TW",
    "Identity": 526
  },
  "UZ TAS": {
    "LOCode": "UZ TAS",
    "ISO3166Code": "UZ",
    "Identity": 527
  },
  "GE TBS": {
    "LOCode": "GE TBS",
    "ISO3166Code": "GE",
    "Identity": 528
  },
  "IR THR": {
    "LOCode": "IR THR",
    "ISO3166Code": "IR",
    "Identity": 529
  },
  "IL HOL": {
    "LOCode": "IL HOL",
    "ISO3166Code": "IL",
    "Identity": 530
  },
  "BT THI": {
    "LOCode": "BT THI",
    "ISO3166Code": "BT",
    "Identity": 531
  },
  "JP TYO": {
    "LOCode": "JP TYO",
    "ISO3166Code": "JP",
    "Identity": 532
  },
  "ID UPG": {
    "LOCode": "ID UPG",
    "ISO3166Code": "ID",
    "Identity": 533
  },
  "MN ULN": {
    "LOCode": "MN ULN",
    "ISO3166Code": "MN",
    "Identity": 534
  },
  "CN URC": {
    "LOCode": "CN URC",
    "ISO3166Code": "CN",
    "Identity": 535
  },
  "LA VTE": {
    "LOCode": "LA VTE",
    "ISO3166Code": "LA",
    "Identity": 536
  },
  "RU VVO": {
    "LOCode": "RU VVO",
    "ISO3166Code": "RU",
    "Identity": 537
  },
  "RU YKS": {
    "LOCode": "RU YKS",
    "ISO3166Code": "RU",
    "Identity": 538
  },
  "RU YEK": {
    "LOCode": "RU YEK",
    "ISO3166Code": "RU",
    "Identity": 539
  },
  "AM EVN": {
    "LOCode": "AM EVN",
    "ISO3166Code": "AM",
    "Identity": 540
  },
  "PT PDL": {
    "LOCode": "PT PDL",
    "ISO3166Code": "PT",
    "Identity": 541
  },
  "BM BDA": {
    "LOCode": "BM BDA",
    "ISO3166Code": "BM",
    "Identity": 542
  },
  "ES PBB": {
    "LOCode": "ES PBB",
    "ISO3166Code": "ES",
    "Identity": 543
  },
  "CV RAI": {
    "LOCode": "CV RAI",
    "ISO3166Code": "CV",
    "Identity": 544
  },
  "FO TOR": {
    "LOCode": "FO TOR",
    "ISO3166Code": "FO",
    "Identity": 545
  },
  "NO OSL": {
    "LOCode": "NO OSL",
    "ISO3166Code": "NO",
    "Identity": 546
  },
  "PT FNC": {
    "LOCode": "PT FNC",
    "ISO3166Code": "PT",
    "Identity": 547
  },
  "IS REY": {
    "LOCode": "IS REY",
    "ISO3166Code": "IS",
    "Identity": 548
  },
  "GS GRV": {
    "LOCode": "GS GRV",
    "ISO3166Code": "GS",
    "Identity": 549
  },
  "SH SHN": {
    "LOCode": "SH SHN",
    "ISO3166Code": "SH",
    "Identity": 550
  },
  "FK PSY": {
    "LOCode": "FK PSY",
    "ISO3166Code": "FK",
    "Identity": 551
  },
  "AU CBR": {
    "LOCode": "AU CBR",
    "ISO3166Code": "AU",
    "Identity": 552
  },
  "AU ADL": {
    "LOCode": "AU ADL",
    "ISO3166Code": "AU",
    "Identity": 553
  },
  "AU BNE": {
    "LOCode": "AU BNE",
    "ISO3166Code": "AU",
    "Identity": 554
  },
  "AU BHQ": {
    "LOCode": "AU BHQ",
    "ISO3166Code": "AU",
    "Identity": 555
  },
  "AU DRW": {
    "LOCode": "AU DRW",
    "ISO3166Code": "AU",
    "Identity": 556
  },
  "AU EUC": {
    "LOCode": "AU EUC",
    "ISO3166Code": "AU",
    "Identity": 557
  },
  "AU HBA": {
    "LOCode": "AU HBA",
    "ISO3166Code": "AU",
    "Identity": 558
  },
  "AU LDH": {
    "LOCode": "AU LDH",
    "ISO3166Code": "AU",
    "Identity": 559
  },
  "AU LDC": {
    "LOCode": "AU LDC",
    "ISO3166Code": "AU",
    "Identity": 560
  },
  "AU MEL": {
    "LOCode": "AU MEL",
    "ISO3166Code": "AU",
    "Identity": 561
  },
  "AU SYD": {
    "LOCode": "AU SYD",
    "ISO3166Code": "AU",
    "Identity": 562
  },
  "AU PER": {
    "LOCode": "AU PER",
    "ISO3166Code": "AU",
    "Identity": 563
  },
  "AU VCD": {
    "LOCode": "AU VCD",
    "ISO3166Code": "AU",
    "Identity": 564
  },
  "BR RIO": {
    "LOCode": "BR RIO",
    "ISO3166Code": "BR",
    "Identity": 565
  },
  "CA CAL": {
    "LOCode": "CA CAL",
    "ISO3166Code": "CA",
    "Identity": 566
  },
  "CA SJB": {
    "LOCode": "CA SJB",
    "ISO3166Code": "CA",
    "Identity": 567
  },
  "CA FSK": {
    "LOCode": "CA FSK",
    "ISO3166Code": "CA",
    "Identity": 568
  },
  "CL IPC": {
    "LOCode": "CL IPC",
    "ISO3166Code": "CL",
    "Identity": 569
  },
  "CU SCU": {
    "LOCode": "CU SCU",
    "ISO3166Code": "CU",
    "Identity": 570
  },
  "IE DUB": {
    "LOCode": "IE DUB",
    "ISO3166Code": "IE",
    "Identity": 571
  },
  "NL AMS": {
    "LOCode": "NL AMS",
    "ISO3166Code": "NL",
    "Identity": 572
  },
  "AD ALV": {
    "LOCode": "AD ALV",
    "ISO3166Code": "AD",
    "Identity": 573
  },
  "GR ATH": {
    "LOCode": "GR ATH",
    "ISO3166Code": "GR",
    "Identity": 574
  },
  "GB BEL": {
    "LOCode": "GB BEL",
    "ISO3166Code": "GB",
    "Identity": 575
  },
  "RS BEG": {
    "LOCode": "RS BEG",
    "ISO3166Code": "RS",
    "Identity": 576
  },
  "DE BER": {
    "LOCode": "DE BER",
    "ISO3166Code": "DE",
    "Identity": 577
  },
  "SK BTS": {
    "LOCode": "SK BTS",
    "ISO3166Code": "SK",
    "Identity": 578
  },
  "BE BRU": {
    "LOCode": "BE BRU",
    "ISO3166Code": "BE",
    "Identity": 579
  },
  "RO BUH": {
    "LOCode": "RO BUH",
    "ISO3166Code": "RO",
    "Identity": 580
  },
  "HU BUD": {
    "LOCode": "HU BUD",
    "ISO3166Code": "HU",
    "Identity": 581
  },
  "MD KIV": {
    "LOCode": "MD KIV",
    "ISO3166Code": "MD",
    "Identity": 582
  },
  "DK CPH": {
    "LOCode": "DK CPH",
    "ISO3166Code": "DK",
    "Identity": 583
  },
  "GI GIB": {
    "LOCode": "GI GIB",
    "ISO3166Code": "GI",
    "Identity": 584
  },
  "GG GCI": {
    "LOCode": "GG GCI",
    "ISO3166Code": "GG",
    "Identity": 585
  },
  "FI HEL": {
    "LOCode": "FI HEL",
    "ISO3166Code": "FI",
    "Identity": 586
  },
  "IM DGS": {
    "LOCode": "IM DGS",
    "ISO3166Code": "IM",
    "Identity": 587
  },
  "JE STH": {
    "LOCode": "JE STH",
    "ISO3166Code": "JE",
    "Identity": 588
  },
  "RU KGD": {
    "LOCode": "RU KGD",
    "ISO3166Code": "RU",
    "Identity": 589
  },
  "UA IEV": {
    "LOCode": "UA IEV",
    "ISO3166Code": "UA",
    "Identity": 590
  },
  "PT LIS": {
    "LOCode": "PT LIS",
    "ISO3166Code": "PT",
    "Identity": 591
  },
  "SI LJU": {
    "LOCode": "SI LJU",
    "ISO3166Code": "SI",
    "Identity": 592
  },
  "GB LON": {
    "LOCode": "GB LON",
    "ISO3166Code": "GB",
    "Identity": 593
  },
  "LU LUX": {
    "LOCode": "LU LUX",
    "ISO3166Code": "LU",
    "Identity": 594
  },
  "ES MAD": {
    "LOCode": "ES MAD",
    "ISO3166Code": "ES",
    "Identity": 595
  },
  "MT MLA": {
    "LOCode": "MT MLA",
    "ISO3166Code": "MT",
    "Identity": 596
  },
  "AX MHQ": {
    "LOCode": "AX MHQ",
    "ISO3166Code": "AX",
    "Identity": 597
  },
  "BY MSQ": {
    "LOCode": "BY MSQ",
    "ISO3166Code": "BY",
    "Identity": 598
  },
  "MC MON": {
    "LOCode": "MC MON",
    "ISO3166Code": "MC",
    "Identity": 599
  },
  "RU MOW": {
    "LOCode": "RU MOW",
    "ISO3166Code": "RU",
    "Identity": 600
  },
  "FR PAR": {
    "LOCode": "FR PAR",
    "ISO3166Code": "FR",
    "Identity": 601
  },
  "ME TGD": {
    "LOCode": "ME TGD",
    "ISO3166Code": "ME",
    "Identity": 602
  },
  "CZ PRG": {
    "LOCode": "CZ PRG",
    "ISO3166Code": "CZ",
    "Identity": 603
  },
  "LV RIX": {
    "LOCode": "LV RIX",
    "ISO3166Code": "LV",
    "Identity": 604
  },
  "IT ROM": {
    "LOCode": "IT ROM",
    "ISO3166Code": "IT",
    "Identity": 605
  },
  "RU KUF": {
    "LOCode": "RU KUF",
    "ISO3166Code": "RU",
    "Identity": 606
  },
  "SM SAI": {
    "LOCode": "SM SAI",
    "ISO3166Code": "SM",
    "Identity": 607
  },
  "BA SJJ": {
    "LOCode": "BA SJJ",
    "ISO3166Code": "BA",
    "Identity": 608
  },
  "MK SKP": {
    "LOCode": "MK SKP",
    "ISO3166Code": "MK",
    "Identity": 609
  },
  "BG SOF": {
    "LOCode": "BG SOF",
    "ISO3166Code": "BG",
    "Identity": 610
  },
  "SE STO": {
    "LOCode": "SE STO",
    "ISO3166Code": "SE",
    "Identity": 611
  },
  "EE TLL": {
    "LOCode": "EE TLL",
    "ISO3166Code": "EE",
    "Identity": 612
  },
  "AL TIA": {
    "LOCode": "AL TIA",
    "ISO3166Code": "AL",
    "Identity": 613
  },
  "MD TIR": {
    "LOCode": "MD TIR",
    "ISO3166Code": "MD",
    "Identity": 614
  },
  "UA UZH": {
    "LOCode": "UA UZH",
    "ISO3166Code": "UA",
    "Identity": 615
  },
  "LI VDZ": {
    "LOCode": "LI VDZ",
    "ISO3166Code": "LI",
    "Identity": 616
  },
  "VA VAT": {
    "LOCode": "VA VAT",
    "ISO3166Code": "VA",
    "Identity": 617
  },
  "AT VIE": {
    "LOCode": "AT VIE",
    "ISO3166Code": "AT",
    "Identity": 618
  },
  "LT VNO": {
    "LOCode": "LT VNO",
    "ISO3166Code": "LT",
    "Identity": 619
  },
  "RU VOG": {
    "LOCode": "RU VOG",
    "ISO3166Code": "RU",
    "Identity": 620
  },
  "PL WRS": {
    "LOCode": "PL WRS",
    "ISO3166Code": "PL",
    "Identity": 621
  },
  "HR ZAG": {
    "LOCode": "HR ZAG",
    "ISO3166Code": "HR",
    "Identity": 622
  },
  "UA OZH": {
    "LOCode": "UA OZH",
    "ISO3166Code": "UA",
    "Identity": 623
  },
  "CH ZRH": {
    "LOCode": "CH ZRH",
    "ISO3166Code": "CH",
    "Identity": 624
  },
  "MG TNR": {
    "LOCode": "MG TNR",
    "ISO3166Code": "MG",
    "Identity": 625
  },
  "IO DGA": {
    "LOCode": "IO DGA",
    "ISO3166Code": "IO",
    "Identity": 626
  },
  "CX XCH": {
    "LOCode": "CX XCH",
    "ISO3166Code": "CX",
    "Identity": 627
  },
  "CC CCK": {
    "LOCode": "CC CCK",
    "ISO3166Code": "CC",
    "Identity": 628
  },
  "KM YVA": {
    "LOCode": "KM YVA",
    "ISO3166Code": "KM",
    "Identity": 629
  },
  "SC MAW": {
    "LOCode": "SC MAW",
    "ISO3166Code": "SC",
    "Identity": 630
  },
  "MV MLE": {
    "LOCode": "MV MLE",
    "ISO3166Code": "MV",
    "Identity": 631
  },
  "MU PLU": {
    "LOCode": "MU PLU",
    "ISO3166Code": "MU",
    "Identity": 632
  },
  "YT MAM": {
    "LOCode": "YT MAM",
    "ISO3166Code": "YT",
    "Identity": 633
  },
  "RE REU": {
    "LOCode": "RE REU",
    "ISO3166Code": "RE",
    "Identity": 634
  },
  "IL TLV": {
    "LOCode": "IL TLV",
    "ISO3166Code": "IL",
    "Identity": 635
  },
  "MH KWA": {
    "LOCode": "MH KWA",
    "ISO3166Code": "MH",
    "Identity": 636
  },
  "NZ WLG": {
    "LOCode": "NZ WLG",
    "ISO3166Code": "NZ",
    "Identity": 637
  },
  "NZ AKL": {
    "LOCode": "NZ AKL",
    "ISO3166Code": "NZ",
    "Identity": 638
  },
  "US HB8": {
    "LOCode": "US HB8",
    "ISO3166Code": "US",
    "Identity": 639
  },
  "CN BJS": {
    "LOCode": "CN BJS",
    "ISO3166Code": "CN",
    "Identity": 640
  },
  "WS APW": {
    "LOCode": "WS APW",
    "ISO3166Code": "WS",
    "Identity": 641
  },
  "NZ CHT": {
    "LOCode": "NZ CHT",
    "ISO3166Code": "NZ",
    "Identity": 642
  },
  "FM TKK": {
    "LOCode": "FM TKK",
    "ISO3166Code": "FM",
    "Identity": 643
  },
  "VU VLI": {
    "LOCode": "VU VLI",
    "ISO3166Code": "VU",
    "Identity": 644
  },
  "KI EBI": {
    "LOCode": "KI EBI",
    "ISO3166Code": "KI",
    "Identity": 645
  },
  "TK FKO": {
    "LOCode": "TK FKO",
    "ISO3166Code": "TK",
    "Identity": 646
  },
  "FJ SUV": {
    "LOCode": "FJ SUV",
    "ISO3166Code": "FJ",
    "Identity": 647
  },
  "TV FUN": {
    "LOCode": "TV FUN",
    "ISO3166Code": "TV",
    "Identity": 648
  },
  "EC GPS": {
    "LOCode": "EC GPS",
    "ISO3166Code": "EC",
    "Identity": 649
  },
  "PF GMR": {
    "LOCode": "PF GMR",
    "ISO3166Code": "PF",
    "Identity": 650
  },
  "SB GSI": {
    "LOCode": "SB GSI",
    "ISO3166Code": "SB",
    "Identity": 651
  },
  "GU GUM": {
    "LOCode": "GU GUM",
    "ISO3166Code": "GU",
    "Identity": 652
  },
  "US HNL": {
    "LOCode": "US HNL",
    "ISO3166Code": "US",
    "Identity": 653
  },
  "UM JON": {
    "LOCode": "UM JON",
    "ISO3166Code": "UM",
    "Identity": 654
  },
  "KI CXI": {
    "LOCode": "KI CXI",
    "ISO3166Code": "KI",
    "Identity": 655
  },
  "FM KSA": {
    "LOCode": "FM KSA",
    "ISO3166Code": "FM",
    "Identity": 656
  },
  "MH MAJ": {
    "LOCode": "MH MAJ",
    "ISO3166Code": "MH",
    "Identity": 657
  },
  "PF TAI": {
    "LOCode": "PF TAI",
    "ISO3166Code": "PF",
    "Identity": 658
  },
  "UM MDY": {
    "LOCode": "UM MDY",
    "ISO3166Code": "UM",
    "Identity": 659
  },
  "NR INU": {
    "LOCode": "NR INU",
    "ISO3166Code": "NR",
    "Identity": 660
  },
  "NU IUE": {
    "LOCode": "NU IUE",
    "ISO3166Code": "NU",
    "Identity": 661
  },
  "NF NLK": {
    "LOCode": "NF NLK",
    "ISO3166Code": "NF",
    "Identity": 662
  },
  "NC NOU": {
    "LOCode": "NC NOU",
    "ISO3166Code": "NC",
    "Identity": 663
  },
  "AS PPG": {
    "LOCode": "AS PPG",
    "ISO3166Code": "AS",
    "Identity": 664
  },
  "PW ROR": {
    "LOCode": "PW ROR",
    "ISO3166Code": "PW",
    "Identity": 665
  },
  "PN PCN": {
    "LOCode": "PN PCN",
    "ISO3166Code": "PN",
    "Identity": 666
  },
  "FM PNI": {
    "LOCode": "FM PNI",
    "ISO3166Code": "FM",
    "Identity": 667
  },
  "PG POM": {
    "LOCode": "PG POM",
    "ISO3166Code": "PG",
    "Identity": 668
  },
  "CK RAR": {
    "LOCode": "CK RAR",
    "ISO3166Code": "CK",
    "Identity": 669
  },
  "MP SPN": {
    "LOCode": "MP SPN",
    "ISO3166Code": "MP",
    "Identity": 670
  },
  "PF FAA": {
    "LOCode": "PF FAA",
    "ISO3166Code": "PF",
    "Identity": 671
  },
  "KI TRW": {
    "LOCode": "KI TRW",
    "ISO3166Code": "KI",
    "Identity": 672
  },
  "TO TBU": {
    "LOCode": "TO TBU",
    "ISO3166Code": "TO",
    "Identity": 673
  },
  "UM AWK": {
    "LOCode": "UM AWK",
    "ISO3166Code": "UM",
    "Identity": 674
  },
  "WF MAU": {
    "LOCode": "WF MAU",
    "ISO3166Code": "WF",
    "Identity": 675
  },
  "FM YAP": {
    "LOCode": "FM YAP",
    "ISO3166Code": "FM",
    "Identity": 676
  },
  "PL WAW": {
    "LOCode": "PL WAW",
    "ISO3166Code": "PL",
    "Identity": 677
  },
  "KR SSN": {
    "LOCode": "KR SSN",
    "ISO3166Code": "KR",
    "Identity": 678
  },
  "US UAA": {
    "LOCode": "US UAA",
    "ISO3166Code": "US",
    "Identity": 679
  },
  "US IGX": {
    "LOCode": "US IGX",
    "ISO3166Code": "US",
    "Identity": 680
  }
}