{
  "AD": {
    "Name": "Andorra",
    "ISO3166": {
      "Code": "AD"
    },
    "Identity": 1
  },
  "AE": {
    "Name": "United Arab Emirates",
    "ISO3166": {
      "Code": "AE"
    },
    "Identity": 2
  },
  "AF": {
    "Name": "Afghanistan",
    "ISO3166": {
      "Code": "AF"
    },
    "Identity": 3
  },
  "AG": {
    "Name": "Antigua & Barbuda",
    "ISO3166": {
      "Code": "AG"
    },
    "Identity": 4
  },
  "AI": {
    "Name": "Anguilla",
    "ISO3166": {
      "Code": "AI"
    },
    "Identity": 5
  },
  "AL": {
    "Name": "Albania",
    "ISO3166": {
      "Code": "AL"
    },
    "Identity": 6
  },
  "AM": {
    "Name": "Armenia",
    "ISO3166": {
      "Code": "AM"
    },
    "Identity": 7
  },
  "AO": {
    "Name": "Angola",
    "ISO3166": {
      "Code": "AO"
    },
    "Identity": 8
  },
  "AQ": {
    "Name": "Antarctica",
    "ISO3166": {
      "Code": "AQ"
    },
    "Identity": 9
  },
  "AR": {
    "Name": "Argentina",
    "ISO3166": {
      "Code": "AR"
    },
    "Identity": 10
  },
  "AS": {
    "Name": "Samoa (American)",
    "ISO3166": {
      "Code": "AS"
    },
    "Identity": 11
  },
  "AT": {
    "Name": "Austria",
    "ISO3166": {
      "Code": "AT"
    },
    "Identity": 12
  },
  "AU": {
    "Name": "Australia",
    "ISO3166": {
      "Code": "AU"
    },
    "Identity": 13
  },
  "AW": {
    "Name": "Aruba",
    "ISO3166": {
      "Code": "AW"
    },
    "Identity": 14
  },
  "AX": {
    "Name": "Åland Islands",
    "ISO3166": {
      "Code": "AX"
    },
    "Identity": 15
  },
  "AZ": {
    "Name": "Azerbaijan",
    "ISO3166": {
      "Code": "AZ"
    },
    "Identity": 16
  },
  "BA": {
    "Name": "Bosnia & Herzegovina",
    "ISO3166": {
      "Code": "BA"
    },
    "Identity": 17
  },
  "BB": {
    "Name": "Barbados",
    "ISO3166": {
      "Code": "BB"
    },
    "Identity": 18
  },
  "BD": {
    "Name": "Bangladesh",
    "ISO3166": {
      "Code": "BD"
    },
    "Identity": 19
  },
  "BE": {
    "Name": "Belgium",
    "ISO3166": {
      "Code": "BE"
    },
    "Identity": 20
  },
  "BF": {
    "Name": "Burkina Faso",
    "ISO3166": {
      "Code": "BF"
    },
    "Identity": 21
  },
  "BG": {
    "Name": "Bulgaria",
    "ISO3166": {
      "Code": "BG"
    },
    "Identity": 22
  },
  "BH": {
    "Name": "Bahrain",
    "ISO3166": {
      "Code": "BH"
    },
    "Identity": 23
  },
  "BI": {
    "Name": "Burundi",
    "ISO3166": {
      "Code": "BI"
    },
    "Identity": 24
  },
  "BJ": {
    "Name": "Benin",
    "ISO3166": {
      "Code": "BJ"
    },
    "Identity": 25
  },
  "BL": {
    "Name": "St Barthelemy",
    "ISO3166": {
      "Code": "BL"
    },
    "Identity": 26
  },
  "BM": {
    "Name": "Bermuda",
    "ISO3166": {
      "Code": "BM"
    },
    "Identity": 27
  },
  "BN": {
    "Name": "Brunei",
    "ISO3166": {
      "Code": "BN"
    },
    "Identity": 28
  },
  "BO": {
    "Name": "Bolivia",
    "ISO3166": {
      "Code": "BO"
    },
    "Identity": 29
  },
  "BQ": {
    "Name": "Caribbean NL",
    "ISO3166": {
      "Code": "BQ"
    },
    "Identity": 30
  },
  "BR": {
    "Name": "Brazil",
    "ISO3166": {
      "Code": "BR"
    },
    "Identity": 31
  },
  "BS": {
    "Name": "Bahamas",
    "ISO3166": {
      "Code": "BS"
    },
    "Identity": 32
  },
  "BT": {
    "Name": "Bhutan",
    "ISO3166": {
      "Code": "BT"
    },
    "Identity": 33
  },
  "BV": {
    "Name": "Bouvet Island",
    "ISO3166": {
      "Code": "BV"
    },
    "Identity": 34
  },
  "BW": {
    "Name": "Botswana",
    "ISO3166": {
      "Code": "BW"
    },
    "Identity": 35
  },
  "BY": {
    "Name": "Belarus",
    "ISO3166": {
      "Code": "BY"
    },
    "Identity": 36
  },
  "BZ": {
    "Name": "Belize",
    "ISO3166": {
      "Code": "BZ"
    },
    "Identity": 37
  },
  "CA": {
    "Name": "Canada",
    "ISO3166": {
      "Code": "CA"
    },
    "Identity": 38
  },
  "CC": {
    "Name": "Cocos (Keeling) Islands",
    "ISO3166": {
      "Code": "CC"
    },
    "Identity": 39
  },
  "CD": {
    "Name": "Congo (Dem. Rep.)",
    "ISO3166": {
      "Code": "CD"
    },
    "Identity": 40
  },
  "CF": {
    "Name": "Central African Rep.",
    "ISO3166": {
      "Code": "CF"
    },
    "Identity": 41
  },
  "CG": {
    "Name": "Congo (Rep.)",
    "ISO3166": {
      "Code": "CG"
    },
    "Identity": 42
  },
  "CH": {
    "Name": "Switzerland",
    "ISO3166": {
      "Code": "CH"
    },
    "Identity": 43
  },
  "CI": {
    "Name": "Côte d'Ivoire",
    "ISO3166": {
      "Code": "CI"
    },
    "Identity": 44
  },
  "CK": {
    "Name": "Cook Islands",
    "ISO3166": {
      "Code": "CK"
    },
    "Identity": 45
  },
  "CL": {
    "Name": "Chile",
    "ISO3166": {
      "Code": "CL"
    },
    "Identity": 46
  },
  "CM": {
    "Name": "Cameroon",
    "ISO3166": {
      "Code": "CM"
    },
    "Identity": 47
  },
  "CN": {
    "Name": "China",
    "ISO3166": {
      "Code": "CN"
    },
    "Identity": 48
  },
  "CO": {
    "Name": "Colombia",
    "ISO3166": {
      "Code": "CO"
    },
    "Identity": 49
  },
  "CR": {
    "Name": "Costa Rica",
    "ISO3166": {
      "Code": "CR"
    },
    "Identity": 50
  },
  "CU": {
    "Name": "Cuba",
    "ISO3166": {
      "Code": "CU"
    },
    "Identity": 51
  },
  "CV": {
    "Name": "Cape Verde",
    "ISO3166": {
      "Code": "CV"
    },
    "Identity": 52
  },
  "CW": {
    "Name": "Curaçao",
    "ISO3166": {
      "Code": "CW"
    },
    "Identity": 53
  },
  "CX": {
    "Name": "Christmas Island",
    "ISO3166": {
      "Code": "CX"
    },
    "Identity": 54
  },
  "CY": {
    "Name": "Cyprus",
    "ISO3166": {
      "Code": "CY"
    },
    "Identity": 55
  },
  "CZ": {
    "Name": "Czech Republic",
    "ISO3166": {
      "Code": "CZ"
    },
    "Identity": 56
  },
  "DE": {
    "Name": "Germany",
    "ISO3166": {
      "Code": "DE"
    },
    "Identity": 57
  },
  "DJ": {
    "Name": "Djibouti",
    "ISO3166": {
      "Code": "DJ"
    },
    "Identity": 58
  },
  "DK": {
    "Name": "Denmark",
    "ISO3166": {
      "Code": "DK"
    },
    "Identity": 59
  },
  "DM": {
    "Name": "Dominica",
    "ISO3166": {
      "Code": "DM"
    },
    "Identity": 60
  },
  "DO": {
    "Name": "Dominican Republic",
    "ISO3166": {
      "Code": "DO"
    },
    "Identity": 61
  },
  "DZ": {
    "Name": "Algeria",
    "ISO3166": {
      "Code": "DZ"
    },
    "Identity": 62
  },
  "EC": {
    "Name": "Ecuador",
    "ISO3166": {
      "Code": "EC"
    },
    "Identity": 63
  },
  "EE": {
    "Name": "Estonia",
    "ISO3166": {
      "Code": "EE"
    },
    "Identity": 64
  },
  "EG": {
    "Name": "Egypt",
    "ISO3166": {
      "Code": "EG"
    },
    "Identity": 65
  },
  "EH": {
    "Name": "Western Sahara",
    "ISO3166": {
      "Code": "EH"
    },
    "Identity": 66
  },
  "ER": {
    "Name": "Eritrea",
    "ISO3166": {
      "Code": "ER"
    },
    "Identity": 67
  },
  "ES": {
    "Name": "Spain",
    "ISO3166": {
      "Code": "ES"
    },
    "Identity": 68
  },
  "ET": {
    "Name": "Ethiopia",
    "ISO3166": {
      "Code": "ET"
    },
    "Identity": 69
  },
  "FI": {
    "Name": "Finland",
    "ISO3166": {
      "Code": "FI"
    },
    "Identity": 70
  },
  "FJ": {
    "Name": "Fiji",
    "ISO3166": {
      "Code": "FJ"
    },
    "Identity": 71
  },
  "FK": {
    "Name": "Falkland Islands",
    "ISO3166": {
      "Code": "FK"
    },
    "Identity": 72
  },
  "FM": {
    "Name": "Micronesia",
    "ISO3166": {
      "Code": "FM"
    },
    "Identity": 73
  },
  "FO": {
    "Name": "Faroe Islands",
    "ISO3166": {
      "Code": "FO"
    },
    "Identity": 74
  },
  "FR": {
    "Name": "France",
    "ISO3166": {
      "Code": "FR"
    },
    "Identity": 75
  },
  "GA": {
    "Name": "Gabon",
    "ISO3166": {
      "Code": "GA"
    },
    "Identity": 76
  },
  "GB": {
    "Name": "Britain (UK)",
    "ISO3166": {
      "Code": "GB"
    },
    "Identity": 77
  },
  "GD": {
    "Name": "Grenada",
    "ISO3166": {
      "Code": "GD"
    },
    "Identity": 78
  },
  "GE": {
    "Name": "Georgia",
    "ISO3166": {
      "Code": "GE"
    },
    "Identity": 79
  },
  "GF": {
    "Name": "French Guiana",
    "ISO3166": {
      "Code": "GF"
    },
    "Identity": 80
  },
  "GG": {
    "Name": "Guernsey",
    "ISO3166": {
      "Code": "GG"
    },
    "Identity": 81
  },
  "GH": {
    "Name": "Ghana",
    "ISO3166": {
      "Code": "GH"
    },
    "Identity": 82
  },
  "GI": {
    "Name": "Gibraltar",
    "ISO3166": {
      "Code": "GI"
    },
    "Identity": 83
  },
  "GL": {
    "Name": "Greenland",
    "ISO3166": {
      "Code": "GL"
    },
    "Identity": 84
  },
  "GM": {
    "Name": "Gambia",
    "ISO3166": {
      "Code": "GM"
    },
    "Identity": 85
  },
  "GN": {
    "Name": "Guinea",
    "ISO3166": {
      "Code": "GN"
    },
    "Identity": 86
  },
  "GP": {
    "Name": "Guadeloupe",
    "ISO3166": {
      "Code": "GP"
    },
    "Identity": 87
  },
  "GQ": {
    "Name": "Equatorial Guinea",
    "ISO3166": {
      "Code": "GQ"
    },
    "Identity": 88
  },
  "GR": {
    "Name": "Greece",
    "ISO3166": {
      "Code": "GR"
    },
    "Identity": 89
  },
  "GS": {
    "Name": "South Georgia & the South Sandwich Islands",
    "ISO3166": {
      "Code": "GS"
    },
    "Identity": 90
  },
  "GT": {
    "Name": "Guatemala",
    "ISO3166": {
      "Code": "GT"
    },
    "Identity": 91
  },
  "GU": {
    "Name": "Guam",
    "ISO3166": {
      "Code": "GU"
    },
    "Identity": 92
  },
  "GW": {
    "Name": "Guinea-Bissau",
    "ISO3166": {
      "Code": "GW"
    },
    "Identity": 93
  },
  "GY": {
    "Name": "Guyana",
    "ISO3166": {
      "Code": "GY"
    },
    "Identity": 94
  },
  "HK": {
    "Name": "Hong Kong",
    "ISO3166": {
      "Code": "HK"
    },
    "Identity": 95
  },
  "HM": {
    "Name": "Heard Island & McDonald Islands",
    "ISO3166": {
      "Code": "HM"
    },
    "Identity": 96
  },
  "HN": {
    "Name": "Honduras",
    "ISO3166": {
      "Code": "HN"
    },
    "Identity": 97
  },
  "HR": {
    "Name": "Croatia",
    "ISO3166": {
      "Code": "HR"
    },
    "Identity": 98
  },
  "HT": {
    "Name": "Haiti",
    "ISO3166": {
      "Code": "HT"
    },
    "Identity": 99
  },
  "HU": {
    "Name": "Hungary",
    "ISO3166": {
      "Code": "HU"
    },
    "Identity": 100
  },
  "ID": {
    "Name": "Indonesia",
    "ISO3166": {
      "Code": "ID"
    },
    "Identity": 101
  },
  "IE": {
    "Name": "Ireland",
    "ISO3166": {
      "Code": "IE"
    },
    "Identity": 102
  },
  "IL": {
    "Name": "Israel",
    "ISO3166": {
      "Code": "IL"
    },
    "Identity": 103
  },
  "IM": {
    "Name": "Isle of Man",
    "ISO3166": {
      "Code": "IM"
    },
    "Identity": 104
  },
  "IN": {
    "Name": "India",
    "ISO3166": {
      "Code": "IN"
    },
    "Identity": 105
  },
  "IO": {
    "Name": "British Indian Ocean Territory",
    "ISO3166": {
      "Code": "IO"
    },
    "Identity": 106
  },
  "IQ": {
    "Name": "Iraq",
    "ISO3166": {
      "Code": "IQ"
    },
    "Identity": 107
  },
  "IR": {
    "Name": "Iran",
    "ISO3166": {
      "Code": "IR"
    },
    "Identity": 108
  },
  "IS": {
    "Name": "Iceland",
    "ISO3166": {
      "Code": "IS"
    },
    "Identity": 109
  },
  "IT": {
    "Name": "Italy",
    "ISO3166": {
      "Code": "IT"
    },
    "Identity": 110
  },
  "JE": {
    "Name": "Jersey",
    "ISO3166": {
      "Code": "JE"
    },
    "Identity": 111
  },
  "JM": {
    "Name": "Jamaica",
    "ISO3166": {
      "Code": "JM"
    },
    "Identity": 112
  },
  "JO": {
    "Name": "Jordan",
    "ISO3166": {
      "Code": "JO"
    },
    "Identity": 113
  },
  "JP": {
    "Name": "Japan",
    "ISO3166": {
      "Code": "JP"
    },
    "Identity": 114
  },
  "KE": {
    "Name": "Kenya",
    "ISO3166": {
      "Code": "KE"
    },
    "Identity": 115
  },
  "KG": {
    "Name": "Kyrgyzstan",
    "ISO3166": {
      "Code": "KG"
    },
    "Identity": 116
  },
  "KH": {
    "Name": "Cambodia",
    "ISO3166": {
      "Code": "KH"
    },
    "Identity": 117
  },
  "KI": {
    "Name": "Kiribati",
    "ISO3166": {
      "Code": "KI"
    },
    "Identity": 118
  },
  "KM": {
    "Name": "Comoros",
    "ISO3166": {
      "Code": "KM"
    },
    "Identity": 119
  },
  "KN": {
    "Name": "St Kitts & Nevis",
    "ISO3166": {
      "Code": "KN"
    },
    "Identity": 120
  },
  "KP": {
    "Name": "Korea (North)",
    "ISO3166": {
      "Code": "KP"
    },
    "Identity": 121
  },
  "KR": {
    "Name": "Korea (South)",
    "ISO3166": {
      "Code": "KR"
    },
    "Identity": 122
  },
  "KW": {
    "Name": "Kuwait",
    "ISO3166": {
      "Code": "KW"
    },
    "Identity": 123
  },
  "KY": {
    "Name": "Cayman Islands",
    "ISO3166": {
      "Code": "KY"
    },
    "Identity": 124
  },
  "KZ": {
    "Name": "Kazakhstan",
    "ISO3166": {
      "Code": "KZ"
    },
    "Identity": 125
  },
  "LA": {
    "Name": "Laos",
    "ISO3166": {
      "Code": "LA"
    },
    "Identity": 126
  },
  "LB": {
    "Name": "Lebanon",
    "ISO3166": {
      "Code": "LB"
    },
    "Identity": 127
  },
  "LC": {
    "Name": "St Lucia",
    "ISO3166": {
      "Code": "LC"
    },
    "Identity": 128
  },
  "LI": {
    "Name": "Liechtenstein",
    "ISO3166": {
      "Code": "LI"
    },
    "Identity": 129
  },
  "LK": {
    "Name": "Sri Lanka",
    "ISO3166": {
      "Code": "LK"
    },
    "Identity": 130
  },
  "LR": {
    "Name": "Liberia",
    "ISO3166": {
      "Code": "LR"
    },
    "Identity": 131
  },
  "LS": {
    "Name": "Lesotho",
    "ISO3166": {
      "Code": "LS"
    },
    "Identity": 132
  },
  "LT": {
    "Name": "Lithuania",
    "ISO3166": {
      "Code": "LT"
    },
    "Identity": 133
  },
  "LU": {
    "Name": "Luxembourg",
    "ISO3166": {
      "Code": "LU"
    },
    "Identity": 134
  },
  "LV": {
    "Name": "Latvia",
    "ISO3166": {
      "Code": "LV"
    },
    "Identity": 135
  },
  "LY": {
    "Name": "Libya",
    "ISO3166": {
      "Code": "LY"
    },
    "Identity": 136
  },
  "MA": {
    "Name": "Morocco",
    "ISO3166": {
      "Code": "MA"
    },
    "Identity": 137
  },
  "MC": {
    "Name": "Monaco",
    "ISO3166": {
      "Code": "MC"
    },
    "Identity": 138
  },
  "MD": {
    "Name": "Moldova",
    "ISO3166": {
      "Code": "MD"
    },
    "Identity": 139
  },
  "ME": {
    "Name": "Montenegro",
    "ISO3166": {
      "Code": "ME"
    },
    "Identity": 140
  },
  "MF": {
    "Name": "St Martin (French)",
    "ISO3166": {
      "Code": "MF"
    },
    "Identity": 141
  },
  "MG": {
    "Name": "Madagascar",
    "ISO3166": {
      "Code": "MG"
    },
    "Identity": 142
  },
  "MH": {
    "Name": "Marshall Islands",
    "ISO3166": {
      "Code": "MH"
    },
    "Identity": 143
  },
  "MK": {
    "Name": "North Macedonia",
    "ISO3166": {
      "Code": "MK"
    },
    "Identity": 144
  },
  "ML": {
    "Name": "Mali",
    "ISO3166": {
      "Code": "ML"
    },
    "Identity": 145
  },
  "MM": {
    "Name": "Myanmar (Burma)",
    "ISO3166": {
      "Code": "MM"
    },
    "Identity": 146
  },
  "MN": {
    "Name": "Mongolia",
    "ISO3166": {
      "Code": "MN"
    },
    "Identity": 147
  },
  "MO": {
    "Name": "Macau",
    "ISO3166": {
      "Code": "MO"
    },
    "Identity": 148
  },
  "MP": {
    "Name": "Northern Mariana Islands",
    "ISO3166": {
      "Code": "MP"
    },
    "Identity": 149
  },
  "MQ": {
    "Name": "Martinique",
    "ISO3166": {
      "Code": "MQ"
    },
    "Identity": 150
  },
  "MR": {
    "Name": "Mauritania",
    "ISO3166": {
      "Code": "MR"
    },
    "Identity": 151
  },
  "MS": {
    "Name": "Montserrat",
    "ISO3166": {
      "Code": "MS"
    },
    "Identity": 152
  },
  "MT": {
    "Name": "Malta",
    "ISO3166": {
      "Code": "MT"
    },
    "Identity": 153
  },
  "MU": {
    "Name": "Mauritius",
    "ISO3166": {
      "Code": "MU"
    },
    "Identity": 154
  },
  "MV": {
    "Name": "Maldives",
    "ISO3166": {
      "Code": "MV"
    },
    "Identity": 155
  },
  "MW": {
    "Name": "Malawi",
    "ISO3166": {
      "Code": "MW"
    },
    "Identity": 156
  },
  "MX": {
    "Name": "Mexico",
    "ISO3166": {
      "Code": "MX"
    },
    "Identity": 157
  },
  "MY": {
    "Name": "Malaysia",
    "ISO3166": {
      "Code": "MY"
    },
    "Identity": 158
  },
  "MZ": {
    "Name": "Mozambique",
    "ISO3166": {
      "Code": "MZ"
    },
    "Identity": 159
  },
  "NA": {
    "Name": "Namibia",
    "ISO3166": {
      "Code": "NA"
    },
    "Identity": 160
  },
  "NC": {
    "Name": "New Caledonia",
    "ISO3166": {
      "Code": "NC"
    },
    "Identity": 161
  },
  "NE": {
    "Name": "Niger",
    "ISO3166": {
      "Code": "NE"
    },
    "Identity": 162
  },
  "NF": {
    "Name": "Norfolk Island",
    "ISO3166": {
      "Code": "NF"
    },
    "Identity": 163
  },
  "NG": {
    "Name": "Nigeria",
    "ISO3166": {
      "Code": "NG"
    },
    "Identity": 164
  },
  "NI": {
    "Name": "Nicaragua",
    "ISO3166": {
      "Code": "NI"
    },
    "Identity": 165
  },
  "NL": {
    "Name": "Netherlands",
    "ISO3166": {
      "Code": "NL"
    },
    "Identity": 166
  },
  "NO": {
    "Name": "Norway",
    "ISO3166": {
      "Code": "NO"
    },
    "Identity": 167
  },
  "NP": {
    "Name": "Nepal",
    "ISO3166": {
      "Code": "NP"
    },
    "Identity": 168
  },
  "NR": {
    "Name": "Nauru",
    "ISO3166": {
      "Code": "NR"
    },
    "Identity": 169
  },
  "NU": {
    "Name": "Niue",
    "ISO3166": {
      "Code": "NU"
    },
    "Identity": 170
  },
  "NZ": {
    "Name": "New Zealand",
    "ISO3166": {
      "Code": "NZ"
    },
    "Identity": 171
  },
  "OM": {
    "Name": "Oman",
    "ISO3166": {
      "Code": "OM"
    },
    "Identity": 172
  },
  "PA": {
    "Name": "Panama",
    "ISO3166": {
      "Code": "PA"
    },
    "Identity": 173
  },
  "PE": {
    "Name": "Peru",
    "ISO3166": {
      "Code": "PE"
    },
    "Identity": 174
  },
  "PF": {
    "Name": "French Polynesia",
    "ISO3166": {
      "Code": "PF"
    },
    "Identity": 175
  },
  "PG": {
    "Name": "Papua New Guinea",
    "ISO3166": {
      "Code": "PG"
    },
    "Identity": 176
  },
  "PH": {
    "Name": "Philippines",
    "ISO3166": {
      "Code": "PH"
    },
    "Identity": 177
  },
  "PK": {
    "Name": "Pakistan",
    "ISO3166": {
      "Code": "PK"
    },
    "Identity": 178
  },
  "PL": {
    "Name": "Poland",
    "ISO3166": {
      "Code": "PL"
    },
    "Identity": 179
  },
  "PM": {
    "Name": "St Pierre & Miquelon",
    "ISO3166": {
      "Code": "PM"
    },
    "Identity": 180
  },
  "PN": {
    "Name": "Pitcairn",
    "ISO3166": {
      "Code": "PN"
    },
    "Identity": 181
  },
  "PR": {
    "Name": "Puerto Rico",
    "ISO3166": {
      "Code": "PR"
    },
    "Identity": 182
  },
  "PS": {
    "Name": "Palestine",
    "ISO3166": {
      "Code": "PS"
    },
    "Identity": 183
  },
  "PT": {
    "Name": "Portugal",
    "ISO3166": {
      "Code": "PT"
    },
    "Identity": 184
  },
  "PW": {
    "Name": "Palau",
    "ISO3166": {
      "Code": "PW"
    },
    "Identity": 185
  },
  "PY": {
    "Name": "Paraguay",
    "ISO3166": {
      "Code": "PY"
    },
    "Identity": 186
  },
  "QA": {
    "Name": "Qatar",
    "ISO3166": {
      "Code": "QA"
    },
    "Identity": 187
  },
  "RE": {
    "Name": "Réunion",
    "ISO3166": {
      "Code": "RE"
    },
    "Identity": 188
  },
  "RO": {
    "Name": "Romania",
    "ISO3166": {
      "Code": "RO"
    },
    "Identity": 189
  },
  "RS": {
    "Name": "Serbia",
    "ISO3166": {
      "Code": "RS"
    },
    "Identity": 190
  },
  "RU": {
    "Name": "Russia",
    "ISO3166": {
      "Code": "RU"
    },
    "Identity": 191
  },
  "RW": {
    "Name": "Rwanda",
    "ISO3166": {
      "Code": "RW"
    },
    "Identity": 192
  },
  "SA": {
    "Name": "Saudi Arabia",
    "ISO3166": {
      "Code": "SA"
    },
    "Identity": 193
  },
  "SB": {
    "Name": "Solomon Islands",
    "ISO3166": {
      "Code": "SB"
    },
    "Identity": 194
  },
  "SC": {
    "Name": "Seychelles",
    "ISO3166": {
      "Code": "SC"
    },
    "Identity": 195
  },
  "SD": {
    "Name": "Sudan",
    "ISO3166": {
      "Code": "SD"
    },
    "Identity": 196
  },
  "SE": {
    "Name": "Sweden",
    "ISO3166": {
      "Code": "SE"
    },
    "Identity": 197
  },
  "SG": {
    "Name": "Singapore",
    "ISO3166": {
      "Code": "SG"
    },
    "Identity": 198
  },
  "SH": {
    "Name": "St Helena",
    "ISO3166": {
      "Code": "SH"
    },
    "Identity": 199
  },
  "SI": {
    "Name": "Slovenia",
    "ISO3166": {
      "Code": "SI"
    },
    "Identity": 200
  },
  "SJ": {
    "Name": "Svalbard & Jan Mayen",
    "ISO3166": {
      "Code": "SJ"
    },
    "Identity": 201
  },
  "SK": {
    "Name": "Slovakia",
    "ISO3166": {
      "Code": "SK"
    },
    "Identity": 202
  },
  "SL": {
    "Name": "Sierra Leone",
    "ISO3166": {
      "Code": "SL"
    },
    "Identity": 203
  },
  "SM": {
    "Name": "San Marino",
    "ISO3166": {
      "Code": "SM"
    },
    "Identity": 204
  },
  "SN": {
    "Name": "Senegal",
    "ISO3166": {
      "Code": "SN"
    },
    "Identity": 205
  },
  "SO": {
    "Name": "Somalia",
    "ISO3166": {
      "Code": "SO"
    },
    "Identity": 206
  },
  "SR": {
    "Name": "Suriname",
    "ISO3166": {
      "Code": "SR"
    },
    "Identity": 207
  },
  "SS": {
    "Name": "South Sudan",
    "ISO3166": {
      "Code": "SS"
    },
    "Identity": 208
  },
  "ST": {
    "Name": "Sao Tome & Principe",
    "ISO3166": {
      "Code": "ST"
    },
    "Identity": 209
  },
  "SV": {
    "Name": "El Salvador",
    "ISO3166": {
      "Code": "SV"
    },
    "Identity": 210
  },
  "SX": {
    "Name": "St Maarten (Dutch)",
    "ISO3166": {
      "Code": "SX"
    },
    "Identity": 211
  },
  "SY": {
    "Name": "Syria",
    "ISO3166": {
      "Code": "SY"
    },
    "Identity": 212
  },
  "SZ": {
    "Name": "Eswatini (Swaziland)",
    "ISO3166": {
      "Code": "SZ"
    },
    "Identity": 213
  },
  "TC": {
    "Name": "Turks & Caicos Is",
    "ISO3166": {
      "Code": "TC"
    },
    "Identity": 214
  },
  "TD": {
    "Name": "Chad",
    "ISO3166": {
      "Code": "TD"
    },
    "Identity": 215
  },
  "TF": {
    "Name": "French Southern & Antarctic Lands",
    "ISO3166": {
      "Code": "TF"
    },
    "Identity": 216
  },
  "TG": {
    "Name": "Togo",
    "ISO3166": {
      "Code": "TG"
    },
    "Identity": 217
  },
  "TH": {
    "Name": "Thailand",
    "ISO3166": {
      "Code": "TH"
    },
    "Identity": 218
  },
  "TJ": {
    "Name": "Tajikistan",
    "ISO3166": {
      "Code": "TJ"
    },
    "Identity": 219
  },
  "TK": {
    "Name": "Tokelau",
    "ISO3166": {
      "Code": "TK"
    },
    "Identity": 220
  },
  "TL": {
    "Name": "East Timor",
    "ISO3166": {
      "Code": "TL"
    },
    "Identity": 221
  },
  "TM": {
    "Name": "Turkmenistan",
    "ISO3166": {
      "Code": "TM"
    },
    "Identity": 222
  },
  "TN": {
    "Name": "Tunisia",
    "ISO3166": {
      "Code": "TN"
    },
    "Identity": 223
  },
  "TO": {
    "Name": "Tonga",
    "ISO3166": {
      "Code": "TO"
    },
    "Identity": 224
  },
  "TR": {
    "Name": "Turkey",
    "ISO3166": {
      "Code": "TR"
    },
    "Identity": 225
  },
  "TT": {
    "Name": "Trinidad & Tobago",
    "ISO3166": {
      "Code": "TT"
    },
    "Identity": 226
  },
  "TV": {
    "Name": "Tuvalu",
    "ISO3166": {
      "Code": "TV"
    },
    "Identity": 227
  },
  "TW": {
    "Name": "Taiwan",
    "ISO3166": {
      "Code": "TW"
    },
    "Identity": 228
  },
  "TZ": {
    "Name": "Tanzania",
    "ISO3166": {
      "Code": "TZ"
    },
    "Identity": 229
  },
  "UA": {
    "Name": "Ukraine",
    "ISO3166": {
      "Code": "UA"
    },
    "Identity": 230
  },
  "UG": {
    "Name": "Uganda",
    "ISO3166": {
      "Code": "UG"
    },
    "Identity": 231
  },
  "UM": {
    "Name": "US minor outlying islands",
    "ISO3166": {
      "Code": "UM"
    },
    "Identity": 232
  },
  "US": {
    "Name": "United States",
    "ISO3166": {
      "Code": "US"
    },
    "Identity": 233
  },
  "UY": {
    "Name": "Uruguay",
    "ISO3166": {
      "Code": "UY"
    },
    "Identity": 234
  },
  "UZ": {
    "Name": "Uzbekistan",
    "ISO3166": {
      "Code": "UZ"
    },
    "Identity": 235
  },
  "VA": {
    "Name": "Vatican City",
    "ISO3166": {
      "Code": "VA"
    },
    "Identity": 236
  },
  "VC": {
    "Name": "St Vincent",
    "ISO3166": {
      "Code": "VC"
    },
    "Identity": 237
  },
  "VE": {
    "Name": "Venezuela",
    "ISO3166": {
      "Code": "VE"
    },
    "Identity": 238
  },
  "VG": {
    "Name": "Virgin Islands (UK)",
    "ISO3166": {
      "Code": "VG"
    },
    "Identity": 239
  },
  "VI": {
    "Name": "Virgin Islands (US)",
    "ISO3166": {
      "Code": "VI"
    },
    "Identity": 240
  },
  "VN": {
    "Name": "Vietnam",
    "ISO3166": {
      "Code": "VN"
    },
    "Identity": 241
  },
  "VU": {
    "Name": "Vanuatu",
    "ISO3166": {
      "Code": "VU"
    },
    "Identity": 242
  },
  "WF": {
    "Name": "Wallis & Futuna",
    "ISO3166": {
      "Code": "WF"
    },
    "Identity": 243
  },
  "WS": {
    "Name": "Samoa (western)",
    "ISO3166": {
      "Code": "WS"
    },
    "Identity": 244
  },
  "YE": {
    "Name": "Yemen",
    "ISO3166": {
      "Code": "YE"
    },
    "Identity": 245
  },
  "YT": {
    "Name": "Mayotte",
    "ISO3166": {
      "Code": "YT"
    },
    "Identity": 246
  },
  "ZA": {
    "Name": "South Africa",
    "ISO3166": {
      "Code": "ZA"
    },
    "Identity": 247
  },
  "ZM": {
    "Name": "Zambia",
    "ISO3166": {
      "Code": "ZM"
    },
    "Identity": 248
  },
  "ZW": {
    "Name": "Zimbabwe",
    "ISO3166": {
      "Code": "ZW"
    },
    "Identity": 249
  }
}