{
  "Maps": [
    {
      "FolderStructureType": "Cassandra Log",
      "SourceMatchRegEx": {
        "RegExStrings": [
          "(?:\\\\(?:[0-9]{1,3}\\.[0-9]{1,3}\\.[0-9]{1,3}\\.[0-9]{1,3}(?:_|-)?)?(?<filename>(?:system|output|debug)\\.log(?:\\.\\d{4}\\-\\d{2}\\-\\d{2}_\\d{0,6})?)(?:(?:_|-)[0-9]{1,3}\\.[0-9]{1,3}\\.[0-9]{1,3}\\.[0-9]{1,3})?)$"
        ]
      },
      "TargetReplacePathString": "^.\\${directoryname}\\nodes\\${node}\\logs\\cassandra\\${filename}"
    },
    {
      "FolderStructureType": "Cassandra yaml",
      "SourceMatchRegEx": {
        "RegExStrings": [
          "(?:\\\\(?:[0-9]{1,3}\\.[0-9]{1,3}\\.[0-9]{1,3}\\.[0-9]{1,3}(?:_|-)?)?(?<filename>cassandra\\.yaml)(?:(?:_|-)[0-9]{1,3}\\.[0-9]{1,3}\\.[0-9]{1,3}\\.[0-9]{1,3})?)$",
          "(?:\\\\(?:[0-9]{1,3}\\.[0-9]{1,3}\\.[0-9]{1,3}\\.[0-9]{1,3}(?:_|-)?)?(?<filename>cassandra-env\\.sh)(?:(?:_|-)[0-9]{1,3}\\.[0-9]{1,3}\\.[0-9]{1,3}\\.[0-9]{1,3})?)$",
          "(?:\\\\(?:[0-9]{1,3}\\.[0-9]{1,3}\\.[0-9]{1,3}\\.[0-9]{1,3}(?:_|-)?)?(?<filename>commitlog_archiving\\.properties)(?:(?:_|-)[0-9]{1,3}\\.[0-9]{1,3}\\.[0-9]{1,3}\\.[0-9]{1,3})?)$"
        ]
      },
      "TargetReplacePathString": "^.\\${directoryname}\\nodes\\${node}\\conf\\cassandra\\${filename}"
    },
    {
      "FolderStructureType": "DSE yaml",
      "SourceMatchRegEx": {
        "RegExStrings": [
          "(?:\\\\(?:[0-9]{1,3}\\.[0-9]{1,3}\\.[0-9]{1,3}\\.[0-9]{1,3}(?:_|-)?)?(?<filename>dse\\.yaml)(?:(?:_|-)[0-9]{1,3}\\.[0-9]{1,3}\\.[0-9]{1,3}\\.[0-9]{1,3})?)$",
          "(?:\\\\(?:[0-9]{1,3}\\.[0-9]{1,3}\\.[0-9]{1,3}\\.[0-9]{1,3}(?:_|-)?)?(?<filename>dse)(?:(?:_|-)[0-9]{1,3}\\.[0-9]{1,3}\\.[0-9]{1,3}\\.[0-9]{1,3})?)$",
          "(?:\\\\(?:[0-9]{1,3}\\.[0-9]{1,3}\\.[0-9]{1,3}\\.[0-9]{1,3}(?:_|-)?)?(?<filename>jvm\\.options)(?:(?:_|-)[0-9]{1,3}\\.[0-9]{1,3}\\.[0-9]{1,3}\\.[0-9]{1,3})?)$",
          "(?:\\\\(?:[0-9]{1,3}\\.[0-9]{1,3}\\.[0-9]{1,3}\\.[0-9]{1,3}(?:_|-)?)?(?<filename>logback\\.xml)(?:(?:_|-)[0-9]{1,3}\\.[0-9]{1,3}\\.[0-9]{1,3}\\.[0-9]{1,3})?)$",
          "(?:\\\\(?:[0-9]{1,3}\\.[0-9]{1,3}\\.[0-9]{1,3}\\.[0-9]{1,3}(?:_|-)?)?(?<filename>logback-tools\\.xml)(?:(?:_|-)[0-9]{1,3}\\.[0-9]{1,3}\\.[0-9]{1,3}\\.[0-9]{1,3})?)$"
        ]
      },
      "TargetReplacePathString": "^.\\${directoryname}\\nodes\\${node}\\conf\\dse\\${filename}"
    },
    {
      "FolderStructureType": "nodetool",
      "SourceMatchRegEx": {
        "RegExStrings": [
          "(?:\\\\(?:[0-9]{1,3}\\.[0-9]{1,3}\\.[0-9]{1,3}\\.[0-9]{1,3}(?:_|-)?)?(?<filename>(?:nodetool(?:_|-|\\s)?)?cfstats)(?:(?:_|-)[0-9]{1,3}\\.[0-9]{1,3}\\.[0-9]{1,3}\\.[0-9]{1,3})?)$",
          "(?:\\\\(?:[0-9]{1,3}\\.[0-9]{1,3}\\.[0-9]{1,3}\\.[0-9]{1,3}(?:_|-)?)?(?<filename>(?:nodetool(?:_|-|\\s)?)?compactionstats)(?:(?:_|-)[0-9]{1,3}\\.[0-9]{1,3}\\.[0-9]{1,3}\\.[0-9]{1,3})?)$",
          "(?:\\\\(?:[0-9]{1,3}\\.[0-9]{1,3}\\.[0-9]{1,3}\\.[0-9]{1,3}(?:_|-)?)?(?<filename>(?:nodetool(?:_|-|\\s)?)?compactionhistory)(?:(?:_|-)[0-9]{1,3}\\.[0-9]{1,3}\\.[0-9]{1,3}\\.[0-9]{1,3})?)$",
          "(?:\\\\(?:[0-9]{1,3}\\.[0-9]{1,3}\\.[0-9]{1,3}\\.[0-9]{1,3}(?:_|-)?)?(?<filename>(?:nodetool(?:_|-|\\s)?)?describecluster)(?:(?:_|-)[0-9]{1,3}\\.[0-9]{1,3}\\.[0-9]{1,3}\\.[0-9]{1,3})?)$",          
          "(?:\\\\(?:[0-9]{1,3}\\.[0-9]{1,3}\\.[0-9]{1,3}\\.[0-9]{1,3}(?:_|-)?)?(?<filename>(?:nodetool(?:_|-|\\s)?)?getcompactionthroughput)(?:(?:_|-)[0-9]{1,3}\\.[0-9]{1,3}\\.[0-9]{1,3}\\.[0-9]{1,3})?)$",
          "(?:\\\\(?:[0-9]{1,3}\\.[0-9]{1,3}\\.[0-9]{1,3}\\.[0-9]{1,3}(?:_|-)?)?(?<filename>(?:nodetool(?:_|-|\\s)?)?getstreamthroughput)(?:(?:_|-)[0-9]{1,3}\\.[0-9]{1,3}\\.[0-9]{1,3}\\.[0-9]{1,3})?)$",
          "(?:\\\\(?:[0-9]{1,3}\\.[0-9]{1,3}\\.[0-9]{1,3}\\.[0-9]{1,3}(?:_|-)?)?(?<filename>(?:nodetool(?:_|-|\\s)?)?gossipinfo)(?:(?:_|-)[0-9]{1,3}\\.[0-9]{1,3}\\.[0-9]{1,3}\\.[0-9]{1,3})?)$",
          "(?:\\\\(?:[0-9]{1,3}\\.[0-9]{1,3}\\.[0-9]{1,3}\\.[0-9]{1,3}(?:_|-)?)?(?<filename>(?:nodetool(?:_|-|\\s)?)?info)(?:(?:_|-)[0-9]{1,3}\\.[0-9]{1,3}\\.[0-9]{1,3}\\.[0-9]{1,3})?)$",
          "(?:\\\\(?:[0-9]{1,3}\\.[0-9]{1,3}\\.[0-9]{1,3}\\.[0-9]{1,3}(?:_|-)?)?(?<filename>(?:nodetool(?:_|-|\\s)?)?netstats)(?:(?:_|-)[0-9]{1,3}\\.[0-9]{1,3}\\.[0-9]{1,3}\\.[0-9]{1,3})?)$",
          "(?:\\\\(?:[0-9]{1,3}\\.[0-9]{1,3}\\.[0-9]{1,3}\\.[0-9]{1,3}(?:_|-)?)?(?<filename>(?:nodetool(?:_|-|\\s)?)?status)(?:(?:_|-)[0-9]{1,3}\\.[0-9]{1,3}\\.[0-9]{1,3}\\.[0-9]{1,3})?)$",
          "(?:\\\\(?:[0-9]{1,3}\\.[0-9]{1,3}\\.[0-9]{1,3}\\.[0-9]{1,3}(?:_|-)?)?(?<filename>(?:nodetool(?:_|-|\\s)?)?proxyhistograms)(?:(?:_|-)[0-9]{1,3}\\.[0-9]{1,3}\\.[0-9]{1,3}\\.[0-9]{1,3})?)$",
          "(?:\\\\(?:[0-9]{1,3}\\.[0-9]{1,3}\\.[0-9]{1,3}\\.[0-9]{1,3}(?:_|-)?)?(?<filename>(?:nodetool(?:_|-|\\s)?)?tpstats)(?:(?:_|-)[0-9]{1,3}\\.[0-9]{1,3}\\.[0-9]{1,3}\\.[0-9]{1,3})?)$",
          "(?:\\\\(?:[0-9]{1,3}\\.[0-9]{1,3}\\.[0-9]{1,3}\\.[0-9]{1,3}(?:_|-)?)?(?<filename>(?:nodetool(?:_|-|\\s)?)?version)(?:(?:_|-)[0-9]{1,3}\\.[0-9]{1,3}\\.[0-9]{1,3}\\.[0-9]{1,3})?)$",
          "(?:\\\\(?:[0-9]{1,3}\\.[0-9]{1,3}\\.[0-9]{1,3}\\.[0-9]{1,3}(?:_|-)?)?(?<filename>nodetool(?:_|-|\\s)?ring)(?:(?:_|-)[0-9]{1,3}\\.[0-9]{1,3}\\.[0-9]{1,3}\\.[0-9]{1,3})?)$"
        ]
      },
      "TargetReplacePathString": "^.\\${directoryname}\\nodes\\${node}\\nodetool\\${filename}"
    },
    {
      "FolderStructureType": "DSETool",
      "SourceMatchRegEx": {
        "RegExStrings": [
          "(?:\\\\(?:[0-9]{1,3}\\.[0-9]{1,3}\\.[0-9]{1,3}\\.[0-9]{1,3}(?:_|-)?)?(?<filename>(?:dsetool(?:_|-|\\s)?)?ring)(?:(?:_|-)[0-9]{1,3}\\.[0-9]{1,3}\\.[0-9]{1,3}\\.[0-9]{1,3})?)$",
          "(?:\\\\(?:[0-9]{1,3}\\.[0-9]{1,3}\\.[0-9]{1,3}\\.[0-9]{1,3}(?:_|-)?)?(?<filename>(?:dsetool(?:_|-|\\s)?)?jobtracker)(?:(?:_|-)[0-9]{1,3}\\.[0-9]{1,3}\\.[0-9]{1,3}\\.[0-9]{1,3})?)$",
          "(?:\\\\(?:[0-9]{1,3}\\.[0-9]{1,3}\\.[0-9]{1,3}\\.[0-9]{1,3}(?:_|-)?)?(?<filename>(?:dsetool(?:_|-|\\s)?)?listrj)(?:(?:_|-)[0-9]{1,3}\\.[0-9]{1,3}\\.[0-9]{1,3}\\.[0-9]{1,3})?)$",
          "(?:\\\\(?:[0-9]{1,3}\\.[0-9]{1,3}\\.[0-9]{1,3}\\.[0-9]{1,3}(?:_|-)?)?(?<filename>(?:dsetool(?:_|-|\\s)?)?sparkmaster)(?:(?:_|-)[0-9]{1,3}\\.[0-9]{1,3}\\.[0-9]{1,3}\\.[0-9]{1,3})?)$"
        ]
      },
      "TargetReplacePathString": "^.\\${directoryname}\\nodes\\${node}\\dsetool\\${filename}"
    },
    {
      "FolderStructureType": "CQL",
      "SourceMatchRegEx": {
        "RegExStrings": [
          "(?:\\\\(?:[0-9]{1,3}\\.[0-9]{1,3}\\.[0-9]{1,3}\\.[0-9]{1,3}(?:_|-)?)?(?<filename>describe_cluster)(?:(?:_|-)[0-9]{1,3}\\.[0-9]{1,3}\\.[0-9]{1,3}\\.[0-9]{1,3})?)$",
          "(?:\\\\(?:[0-9]{1,3}\\.[0-9]{1,3}\\.[0-9]{1,3}\\.[0-9]{1,3}(?:_|-)?)?(?<filename>describe_schema)(?:(?:_|-)[0-9]{1,3}\\.[0-9]{1,3}\\.[0-9]{1,3}\\.[0-9]{1,3})?)$"
        ]
      },
      "TargetReplacePathString": "^.\\${directoryname}\\nodes\\${node}\\cqlsh\\${filename}"
    },
    {
      "FolderStructureType": "CLI",
      "SourceMatchRegEx": {
        "RegExStrings": [
          "(?:\\\\(?:[0-9]{1,3}\\.[0-9]{1,3}\\.[0-9]{1,3}\\.[0-9]{1,3}(?:_|-)?)?(?<filename>show_keyspaces)(?:(?:_|-)[0-9]{1,3}\\.[0-9]{1,3}\\.[0-9]{1,3}\\.[0-9]{1,3})?)$"          
        ]
      },
      "TargetReplacePathString": "^.\\${directoryname}\\nodes\\${node}\\cassandra-cli\\${filename}"
    },
    {
      "FolderStructureType": "DRIVER",
      "SourceMatchRegEx": {
        "RegExStrings": [
          "(?:\\\\(?:[0-9]{1,3}\\.[0-9]{1,3}\\.[0-9]{1,3}\\.[0-9]{1,3}(?:_|-)?)?(?<filename>schema)(?:(?:_|-)[0-9]{1,3}\\.[0-9]{1,3}\\.[0-9]{1,3}\\.[0-9]{1,3})?)$",
          "(?:\\\\(?:[0-9]{1,3}\\.[0-9]{1,3}\\.[0-9]{1,3}\\.[0-9]{1,3}(?:_|-)?)?(?<filename>metadata)(?:(?:_|-)[0-9]{1,3}\\.[0-9]{1,3}\\.[0-9]{1,3}\\.[0-9]{1,3})?)$"
        ]
      },
      "TargetReplacePathString": "^.\\${directoryname}\\nodes\\${node}\\driver\\${filename}"
    },
    {
      "FolderStructureType": "NTP",
      "SourceMatchRegEx": {
        "RegExStrings": [
          "(?:\\\\(?:[0-9]{1,3}\\.[0-9]{1,3}\\.[0-9]{1,3}\\.[0-9]{1,3}(?:_|-)?)?(?<filename>ntpstat)(?:(?:_|-)[0-9]{1,3}\\.[0-9]{1,3}\\.[0-9]{1,3}\\.[0-9]{1,3})?)$",
          "(?:\\\\(?:[0-9]{1,3}\\.[0-9]{1,3}\\.[0-9]{1,3}\\.[0-9]{1,3}(?:_|-)?)?(?<filename>ntptime)(?:(?:_|-)[0-9]{1,3}\\.[0-9]{1,3}\\.[0-9]{1,3}\\.[0-9]{1,3})?)$"
        ]
      },
      "TargetReplacePathString": "^.\\${directoryname}\\nodes\\${node}\\ntp\\${filename}"
    },
    {
      "FolderStructureType": "OS Meter",
      "SourceMatchRegEx": {
        "RegExStrings": [
          "(?:\\\\(?:[0-9]{1,3}\\.[0-9]{1,3}\\.[0-9]{1,3}\\.[0-9]{1,3}(?:_|-)?)?(?<filename>cpu\\.json)(?:(?:_|-)[0-9]{1,3}\\.[0-9]{1,3}\\.[0-9]{1,3}\\.[0-9]{1,3})?)$",
          "(?:\\\\(?:[0-9]{1,3}\\.[0-9]{1,3}\\.[0-9]{1,3}\\.[0-9]{1,3}(?:_|-)?)?(?<filename>disk\\.json)(?:(?:_|-)[0-9]{1,3}\\.[0-9]{1,3}\\.[0-9]{1,3}\\.[0-9]{1,3})?)$",
          "(?:\\\\(?:[0-9]{1,3}\\.[0-9]{1,3}\\.[0-9]{1,3}\\.[0-9]{1,3}(?:_|-)?)?(?<filename>disk_space\\.json)(?:(?:_|-)[0-9]{1,3}\\.[0-9]{1,3}\\.[0-9]{1,3}\\.[0-9]{1,3})?)$",
          "(?:\\\\(?:[0-9]{1,3}\\.[0-9]{1,3}\\.[0-9]{1,3}\\.[0-9]{1,3}(?:_|-)?)?(?<filename>load_avg\\.json)(?:(?:_|-)[0-9]{1,3}\\.[0-9]{1,3}\\.[0-9]{1,3}\\.[0-9]{1,3})?)$",
          "(?:\\\\(?:[0-9]{1,3}\\.[0-9]{1,3}\\.[0-9]{1,3}\\.[0-9]{1,3}(?:_|-)?)?(?<filename>memory\\.json)(?:(?:_|-)[0-9]{1,3}\\.[0-9]{1,3}\\.[0-9]{1,3}\\.[0-9]{1,3})?)$"
        ]
      },
      "TargetReplacePathString": "^.\\${directoryname}\\nodes\\${node}\\os-metrics\\${filename}"
    },
    {
      "FolderStructureType": "json info files",
      "SourceMatchRegEx": {
        "RegExStrings": [
          "(?:\\\\(?:[0-9]{1,3}\\.[0-9]{1,3}\\.[0-9]{1,3}\\.[0-9]{1,3}(?:_|-)?)?(?<filename>agent_version\\.json)(?:(?:_|-)[0-9]{1,3}\\.[0-9]{1,3}\\.[0-9]{1,3}\\.[0-9]{1,3})?)$",
          "(?:\\\\(?:[0-9]{1,3}\\.[0-9]{1,3}\\.[0-9]{1,3}\\.[0-9]{1,3}(?:_|-)?)?(?<filename>agent-metrics\\.json)(?:(?:_|-)[0-9]{1,3}\\.[0-9]{1,3}\\.[0-9]{1,3}\\.[0-9]{1,3})?)$",
          "(?:\\\\(?:[0-9]{1,3}\\.[0-9]{1,3}\\.[0-9]{1,3}\\.[0-9]{1,3}(?:_|-)?)?(?<filename>blockdev_report)(?:(?:_|-)[0-9]{1,3}\\.[0-9]{1,3}\\.[0-9]{1,3}\\.[0-9]{1,3})?)$",
          "(?:\\\\(?:[0-9]{1,3}\\.[0-9]{1,3}\\.[0-9]{1,3}\\.[0-9]{1,3}(?:_|-)?)?(?<filename>java_heap\\.json)(?:(?:_|-)[0-9]{1,3}\\.[0-9]{1,3}\\.[0-9]{1,3}\\.[0-9]{1,3})?)$",
          "(?:\\\\(?:[0-9]{1,3}\\.[0-9]{1,3}\\.[0-9]{1,3}\\.[0-9]{1,3}(?:_|-)?)?(?<filename>java_system_properties\\.json)(?:(?:_|-)[0-9]{1,3}\\.[0-9]{1,3}\\.[0-9]{1,3}\\.[0-9]{1,3})?)$",
          "(?:\\\\(?:[0-9]{1,3}\\.[0-9]{1,3}\\.[0-9]{1,3}\\.[0-9]{1,3}(?:_|-)?)?(?<filename>machine-info\\.json)(?:(?:_|-)[0-9]{1,3}\\.[0-9]{1,3}\\.[0-9]{1,3}\\.[0-9]{1,3})?)$",
          "(?:\\\\(?:[0-9]{1,3}\\.[0-9]{1,3}\\.[0-9]{1,3}\\.[0-9]{1,3}(?:_|-)?)?(?<filename>os-info\\.json)(?:(?:_|-)[0-9]{1,3}\\.[0-9]{1,3}\\.[0-9]{1,3}\\.[0-9]{1,3})?)$",
          "(?:\\\\(?:[0-9]{1,3}\\.[0-9]{1,3}\\.[0-9]{1,3}\\.[0-9]{1,3}(?:_|-)?)?(?<filename>process_limits)(?:(?:_|-)[0-9]{1,3}\\.[0-9]{1,3}\\.[0-9]{1,3}\\.[0-9]{1,3})?)$"
        ]
      },
      "TargetReplacePathString": "^.\\${directoryname}\\nodes\\${node}\\${filename}"
    },
    {
      "FolderStructureType": "solr files",
      "SourceMatchRegEx": {
        "RegExStrings": [
          "(?:\\\\(?:[0-9]{1,3}\\.[0-9]{1,3}\\.[0-9]{1,3}\\.[0-9]{1,3}(?:_|-)?)?(?<filename>index_size\\.json)(?:(?:_|-)[0-9]{1,3}\\.[0-9]{1,3}\\.[0-9]{1,3}\\.[0-9]{1,3})?)$"
        ]
      },
      "TargetReplacePathString": "^.\\${directoryname}\\nodes\\${node}\\solr\\${filename}"
    },
    {
      "FolderStructureType": "conf files",
      "SourceMatchRegEx": {
        "RegExStrings": [
          "(?:\\\\(?:[0-9]{1,3}\\.[0-9]{1,3}\\.[0-9]{1,3}\\.[0-9]{1,3}(?:_|-)?)?(?<filename>location\\.json)(?:(?:_|-)[0-9]{1,3}\\.[0-9]{1,3}\\.[0-9]{1,3}\\.[0-9]{1,3})?)$"
        ]
      },
      "TargetReplacePathString": "^.\\${directoryname}\\nodes\\${node}\\conf\\${filename}"
    },
    {
          "FolderStructureType": "conf system files",
          "SourceMatchRegEx": {
            "RegExStrings": [
              "(?:\\\\(?:[0-9]{1,3}\\.[0-9]{1,3}\\.[0-9]{1,3}\\.[0-9]{1,3}(?:_|-)?)?(?<filename>hosts)(?:(?:_|-)[0-9]{1,3}\\.[0-9]{1,3}\\.[0-9]{1,3}\\.[0-9]{1,3})?)$"
            ]
          },
          "TargetReplacePathString": "^.\\${directoryname}\\nodes\\${node}\\conf\\system\\${filename}"
    },
    {
          "FolderStructureType": "conf agent files",
          "SourceMatchRegEx": {
            "RegExStrings": [
              "(?:\\\\(?:[0-9]{1,3}\\.[0-9]{1,3}\\.[0-9]{1,3}\\.[0-9]{1,3}(?:_|-)?)?(?<filename>address\\.yaml)(?:(?:_|-)[0-9]{1,3}\\.[0-9]{1,3}\\.[0-9]{1,3}\\.[0-9]{1,3})?)$",
              "(?:\\\\(?:[0-9]{1,3}\\.[0-9]{1,3}\\.[0-9]{1,3}\\.[0-9]{1,3}(?:_|-)?)?(?<filename>log4j\\.properties)(?:(?:_|-)[0-9]{1,3}\\.[0-9]{1,3}\\.[0-9]{1,3}\\.[0-9]{1,3})?)$"              
            ]
          },
          "TargetReplacePathString": "^.\\${directoryname}\\nodes\\${node}\\conf\\agent\\${filename}"
    }
  ]
}